comparison,seed,metric,difference
bandmf_single_m - iid_adam,0,final_test_accuracy,0.14889999999999998
bandmf_single_m - iid_adam,0,best_test_accuracy,0.26969999999999994
bandmf_single_m - iid_adam,0,final_test_loss,-0.07033691406250009
bandmf_single_m - iid_adam,0,best_test_loss,-0.4112008300781249
bandmf_single_m - iid_adam,0,accuracy_auc,0.19018750000000006
bandmf_single_m - iid_adam,1,final_test_accuracy,0.1381
bandmf_single_m - iid_adam,1,best_test_accuracy,0.23859999999999998
bandmf_single_m - iid_adam,1,final_test_loss,-0.026957318115234274
bandmf_single_m - iid_adam,1,best_test_loss,-0.3034397674560547
bandmf_single_m - iid_adam,1,accuracy_auc,0.17229221311475418
bandmf_single_m - iid_adam,2,final_test_accuracy,0.14290000000000003
bandmf_single_m - iid_adam,2,best_test_accuracy,0.26609999999999995
bandmf_single_m - iid_adam,2,final_test_loss,-0.06539655761718732
bandmf_single_m - iid_adam,2,best_test_loss,-0.4251951660156248
bandmf_single_m - iid_adam,2,accuracy_auc,0.1826770491803279
bandmf_ime_sep - iid_ime,0,final_test_accuracy,-0.032299999999999995
bandmf_ime_sep - iid_ime,0,best_test_accuracy,9.999999999998899e-05
bandmf_ime_sep - iid_ime,0,final_test_loss,0.176274676513672
bandmf_ime_sep - iid_ime,0,best_test_loss,-0.04978969726562488
bandmf_ime_sep - iid_ime,0,accuracy_auc,0.02226393442622955
bandmf_ime_sep - iid_ime,1,final_test_accuracy,0.00410000000000002
bandmf_ime_sep - iid_ime,1,best_test_accuracy,-0.2199
bandmf_ime_sep - iid_ime,1,final_test_loss,-0.0072684204101562955
bandmf_ime_sep - iid_ime,1,best_test_loss,0.47088483886718757
bandmf_ime_sep - iid_ime,1,accuracy_auc,-0.06482161885245902
bandmf_ime_sep - iid_ime,2,final_test_accuracy,0.0728
bandmf_ime_sep - iid_ime,2,best_test_accuracy,0.016199999999999992
bandmf_ime_sep - iid_ime,2,final_test_loss,-0.18176162109375005
bandmf_ime_sep - iid_ime,2,best_test_loss,-0.09883554687500018
bandmf_ime_sep - iid_ime,2,accuracy_auc,0.017347950819672164
bandmf_ime_sep - bandmf_single_m,0,final_test_accuracy,-0.28179999999999994
bandmf_ime_sep - bandmf_single_m,0,best_test_accuracy,-0.375
bandmf_ime_sep - bandmf_single_m,0,final_test_loss,0.47077307128906254
bandmf_ime_sep - bandmf_single_m,0,best_test_loss,0.5974909545898437
bandmf_ime_sep - bandmf_single_m,0,accuracy_auc,-0.30481854508196726
bandmf_ime_sep - bandmf_single_m,1,final_test_accuracy,-0.2551
bandmf_ime_sep - bandmf_single_m,1,best_test_accuracy,-0.3114
bandmf_ime_sep - bandmf_single_m,1,final_test_loss,0.22857171020507816
bandmf_ime_sep - bandmf_single_m,1,best_test_loss,0.42814883117675784
bandmf_ime_sep - bandmf_single_m,1,accuracy_auc,-0.28361813524590174
bandmf_ime_sep - bandmf_single_m,2,final_test_accuracy,-0.24710000000000001
bandmf_ime_sep - bandmf_single_m,2,best_test_accuracy,-0.38569999999999993
bandmf_ime_sep - bandmf_single_m,2,final_test_loss,0.16754518432617171
bandmf_ime_sep - bandmf_single_m,2,best_test_loss,0.5213198364257812
bandmf_ime_sep - bandmf_single_m,2,accuracy_auc,-0.29713381147540985
