seed,window_index,start_step,end_step,J_corr_P0,D_corr_P0,C_corr_P0,G_C_corr_P0,G_J_corr_P0,J_corr_P1,D_corr_P1,C_corr_P1,G_C_corr_P1,G_J_corr_P1,J_corr_P2,D_corr_P2,C_corr_P2,G_C_corr_P2,G_J_corr_P2,J_corr_P3,D_corr_P3,C_corr_P3,G_C_corr_P3,G_J_corr_P3,J_iid_P0,D_iid_P0,C_iid_P0,G_C_iid_P0,G_J_iid_P0,J_iid_P1,D_iid_P1,C_iid_P1,G_C_iid_P1,G_J_iid_P1,J_iid_P2,D_iid_P2,C_iid_P2,G_C_iid_P2,G_J_iid_P2,J_iid_P3,D_iid_P3,C_iid_P3,G_C_iid_P3,G_J_iid_P3,A_energy,B_energy,I_energy,AB_dot,AI_dot,BI_dot,reconstruction_error
0,0,1,16,0.05872131511569023,0.048719312995672226,1.2052985429763794,0.8245307834738819,0.9204708597981718,444192161792.0,406074720256.0,1.0938681364059448,0.7651318947864064,0.846257796630346,288.9870300292969,239.91152954101562,1.2045565843582153,0.815465291658823,0.9092895667637231,1775.2042236328125,1650.0123291015625,1.0758732557296753,0.5487876968955765,0.5999496638498083,0.7383622527122498,0.10749191790819168,6.869002819061279,0.8245307834738819,0.9204708597981718,2889201221632.0,620350078976.0,4.657371997833252,0.7651318947864064,0.846257796630346,3185.819091796875,488.05859375,6.527534008026123,0.815465291658823,0.9092895667637231,4437.4521484375,1861.0306396484375,2.3844058513641357,0.5487876968955765,0.5999496638498083,1.626591624953856e+16,89172992.0,1.6265832497676288e+16,-77954360.0,-1.6265875447349248e+16,22996258.0,0.0014841315569356084
0,1,17,32,0.006844803690910339,0.00557090574875474,1.2286698818206787,0.8742370761120447,0.9800357537711527,23847288832.0,19697557504.0,1.210672378540039,0.8759984125227458,0.9800868132815888,27.23946189880371,22.169694900512695,1.2286800146102905,0.8742172776972494,0.9800321038924328,29.991668701171875,23.634014129638672,1.269004464149475,0.8698668510528516,0.9779396295942129,0.3428530991077423,0.03509340435266495,9.769730567932129,0.8742370761120447,0.9800357537711527,1197562658816.0,122658848768.0,9.763361930847168,0.8759984125227458,0.9800868132815888,1364.162841796875,139.65240478515625,9.76827335357666,0.8742172776972494,0.9800321038924328,1359.5269775390625,139.41600036621094,9.751585006713867,0.8698668510528516,0.9779396295942129,788527138734080.0,21122136.0,788522910875648.0,-1680508.375,-788525058359296.0,1680669.25,0.00036294455640017986
0,2,33,48,0.005910663865506649,0.004787363111972809,1.2346386909484863,0.8744252508148554,0.9802559297227702,19859335168.0,16976076800.0,1.1698423624038696,0.881111508859246,0.981413414590538,23.373083114624023,18.931180953979492,1.2346341609954834,0.8744237626532143,0.9802556844400842,24.71967124938965,19.64582633972168,1.2582658529281616,0.8719389137726387,0.9790803417669932,0.29936400055885315,0.030448228120803833,9.831902503967285,0.8744252508148554,0.9802559297227702,1068476792832.0,108586926080.0,9.839828491210938,0.881111508859246,0.981413414590538,1183.7879638671875,120.40461730957031,9.83174991607666,0.8744237626532143,0.9802556844400842,1181.64794921875,120.26323699951172,9.825512886047363,0.8719389137726387,0.9790803417669932,679557241765888.0,17380998.0,679553550778368.0,-1850357.75,-679555362717696.0,1850475.375,0.0003744410059880465
0,3,49,64,0.00576078100129962,0.004665683023631573,1.2347133159637451,0.8744849868061422,0.9802788295367222,19597252608.0,16692900864.0,1.1739872694015503,0.8802602071833281,0.981039056736799,22.722925186157227,18.4034366607666,1.234710931777954,0.8744847302749611,0.9802787890129584,23.636356353759766,18.89259910583496,1.2510907649993896,0.8727814815378709,0.9794583513417117,0.29211151599884033,0.029694654047489166,9.837176322937012,0.8744849868061422,0.9802788295367222,1033558949888.0,105416933376.0,9.804487228393555,0.8802602071833281,0.981039056736799,1152.2073974609375,117.12832641601562,9.837137222290039,0.8744847302749611,0.9802787890129584,1150.6552734375,117.00563049316406,9.834187507629395,0.8727814815378709,0.9794583513417117,668213897592832.0,12337698.0,668210072387584.0,-189779.21875,-668211884326912.0,190221.5625,0.0004548607103060931
0,4,65,80,0.005730791017413139,0.004642871208488941,1.2343205213546753,0.8745463948922887,0.9802985483950453,20910055424.0,16751694848.0,1.2482352256774902,0.872372416002877,0.9799873395958882,22.573410034179688,18.28814125061035,1.2343195676803589,0.8745463215796325,0.9802985416746349,23.276124954223633,18.662628173828125,1.247205138206482,0.8732129403930198,0.979661801331127,0.2908816635608673,0.029564568772912025,9.838860511779785,0.8745463948922887,0.9802985483950453,1044841365504.0,106831290368.0,9.780293464660645,0.872372416002877,0.9799873395958882,1145.7735595703125,116.45404052734375,9.838847160339355,0.8745463215796325,0.9802985416746349,1144.45361328125,116.3416519165039,9.837006568908691,0.8732129403930198,0.979661801331127,670568344977408.0,8477652.0,670564452663296.0,-204723.984375,-670566398820352.0,204276.828125,0.0005137290572747588
0,5,81,96,0.005721822381019592,0.0046385833993554115,1.2335278987884521,0.8745930289716833,0.9803011618561832,20172859392.0,16812994560.0,1.1998374462127686,0.8786180037182935,0.9808175083371342,22.51835060119629,18.255252838134766,1.2335271835327148,0.8745929314635619,0.9803011506165343,23.08302116394043,18.560041427612305,1.243694543838501,0.8735484611960295,0.9797866243090994,0.29046496748924255,0.029530204832553864,9.836198806762695,0.8745930289716833,0.9803011618561832,1051628732416.0,106388406272.0,9.884805679321289,0.8786180037182935,0.9808175083371342,1143.1302490234375,116.21683502197266,9.836185455322266,0.8745929314635619,0.9803011506165343,1141.9676513671875,116.10855865478516,9.835345268249512,0.8735484611960295,0.9797866243090994,673023522766848.0,7067845.0,673019563343872.0,-493860.71875,-673021509500928.0,494027.25,0.0005536710959859192
0,6,97,112,0.005725351627916098,0.004638166166841984,1.2343997955322266,0.8744613483037527,0.9802671799433297,21294163968.0,16988293120.0,1.2534611225128174,0.8700668938145341,0.9791532019304466,22.51860809326172,18.242563247680664,1.2343993186950684,0.8744613724464777,0.9802671850629474,22.99549102783203,18.498144149780273,1.24312424659729,0.8735658419978283,0.9798297822916214,0.29014360904693604,0.029507651925086975,9.832826614379883,0.8744613483037527,0.9802671799433297,1021459693568.0,105883959296.0,9.64697265625,0.8700668938145341,0.9791532019304466,1141.1756591796875,116.0577621459961,9.83282470703125,0.8744613724464777,0.9802671850629474,1140.071533203125,115.95299530029297,9.832186698913574,0.8735658419978283,0.9798297822916214,680039486062592.0,5545574.0,680035325313024.0,835469.0,-680037405687808.0,-835417.4375,0.0006277263746596873
0,7,113,128,0.005727717187255621,0.004638160113245249,1.234911561012268,0.8743951580635164,0.9802562890926207,21484244992.0,16890730496.0,1.2719547748565674,0.8702368461864317,0.9796695766912263,22.517948150634766,18.234455108642578,1.2349120378494263,0.874395036461742,0.9802562700489529,22.932662963867188,18.45323371887207,1.2427449226379395,0.8735947358644214,0.9798716626052357,0.29010337591171265,0.029506882652640343,9.831719398498535,0.8743951580635164,0.9802562890926207,1056753451008.0,107808595968.0,9.802125930786133,0.8702368461864317,0.9796695766912263,1140.5113525390625,116.00330352783203,9.831713676452637,0.874395036461742,0.9802562700489529,1139.322265625,115.88567352294922,9.831433296203613,0.8735947358644214,0.9798716626052357,676131871129600.0,5133888.0,676127643271168.0,1958996.25,-676129723645952.0,-1958683.5,0.0006415987154468894
0,8,129,144,0.0057287379167973995,0.004637850448489189,1.2352139949798584,0.8744167167623332,0.9802680060322714,21066045440.0,17168764928.0,1.2269983291625977,0.8767231769637132,0.9809539259636672,22.514310836791992,18.22705841064453,1.2352136373519897,0.8744167774750277,0.9802680125956458,22.878461837768555,18.42028045654297,1.2420257329940796,0.8737187238046941,0.9799283991429694,0.29032737016677856,0.029517367482185364,9.8358154296875,0.8744167167623332,0.9802680060322714,1106057101312.0,111125831680.0,9.953195571899414,0.8767231769637132,0.9809539259636672,1141.0057373046875,116.00518035888672,9.835817337036133,0.8744167774750277,0.9802680125956458,1139.8424072265625,115.89192199707031,9.8353910446167,0.8737187238046941,0.9799283991429694,687264292143104.0,4685404.5,687259997175808.0,-1121773.5,-687262144659456.0,1121460.125,0.0006648132693953812
0,9,145,160,0.00572842126712203,0.004637375473976135,1.2352722883224487,0.8744067715671169,0.9802681872535562,21426841600.0,17314652160.0,1.2374976873397827,0.8728227963118906,0.9797979598450138,22.507036209106445,18.22030258178711,1.2352724075317383,0.8744067229133116,0.9802681818675563,22.834402084350586,18.392120361328125,1.2415318489074707,0.873767776004406,0.9799622722811684,0.2903139889240265,0.029516950249671936,9.835500717163086,0.8744067715671169,0.9802681872535562,1060627611648.0,109000327168.0,9.730499267578125,0.8728227963118906,0.9797979598450138,1140.6468505859375,115.97246551513672,9.835497856140137,0.8744067229133116,0.9802681818675563,1139.5704345703125,115.86534118652344,9.83530044555664,0.873767776004406,0.9799622722811684,693104508141568.0,4428275.5,693100011847680.0,-1350814.5,-693102293549056.0,1350986.375,0.0006811792845837772
0,10,161,176,0.005722838919609785,0.004637101665139198,1.2341413497924805,0.8745358808450026,0.9802870759370066,21248397312.0,17419868160.0,1.2197794914245605,0.8771183236854219,0.9807632813681066,22.480222702026367,18.215282440185547,1.2341407537460327,0.8745358806200171,0.9802870774603449,22.774005889892578,18.369884490966797,1.2397468090057373,0.8739595474108196,0.9800102586033246,0.29030898213386536,0.029513120651245117,9.836607933044434,0.8745358808450026,0.9802870759370066,1104574939136.0,111275868160.0,9.9264554977417,0.8771183236854219,0.9807632813681066,1140.3800048828125,115.93229675292969,9.836603164672852,0.8745358806200171,0.9802870774603449,1139.28466796875,115.82684326171875,9.836102485656738,0.8739595474108196,0.9800102586033246,697317334188032.0,4380256.5,697312636567552.0,-300818.0625,-697314918268928.0,300594.1875,0.0006857846747152507
0,11,177,192,0.005723623093217611,0.004636968020349741,1.2343460321426392,0.8745375147970063,0.9802952495319103,21398824960.0,17529653248.0,1.2207214832305908,0.8766444707149222,0.980817918339194,22.479278564453125,18.21149444580078,1.2343456745147705,0.8745375146625143,0.9802952498401633,22.74641227722168,18.352163314819336,1.2394403219223022,0.8740166757027681,0.9800413390316731,0.2904691994190216,0.029524127021431923,9.838367462158203,0.8745375147970063,0.9802952495319103,1115563229184.0,112729153536.0,9.895960807800293,0.8766444707149222,0.980817918339194,1140.8050537109375,115.9547348022461,9.838364601135254,0.8745375146625143,0.9802952498401633,1139.67626953125,115.8427734375,9.838129997253418,0.8740166757027681,0.9800413390316731,701711958147072.0,4082035.5,701707260526592.0,1731315.375,-701709676445696.0,-1731137.875,0.0007158176740631461
0,12,193,208,0.005721629597246647,0.004639452323317528,1.233255386352539,0.8746503152833014,0.9803077738103261,21955377152.0,17545990144.0,1.2513045072555542,0.870617255859428,0.9793678819917567,22.468082427978516,18.218515396118164,1.233255386352539,0.8746502666813487,0.9803077675435696,22.712852478027344,18.34613800048828,1.2380181550979614,0.8741668799174913,0.9800744097243863,0.29055270552635193,0.02953215502202511,9.838520050048828,0.8746503152833014,0.9803077738103261,1064135884800.0,110029832192.0,9.671339988708496,0.870617255859428,0.9793678819917567,1140.961669921875,115.96887969970703,9.838516235351562,0.8746502666813487,0.9803077675435696,1139.883544921875,115.85863494873047,9.838571548461914,0.8741668799174913,0.9800744097243863,702363182563328.0,4121672.25,702358350725120.0,-742356.25,-702360632426496.0,742473.75,0.0007121037342585623
0,13,209,224,0.00572672113776207,0.004638778977096081,1.2345319986343384,0.8744173676864644,0.9802540934425281,21801639936.0,17535422464.0,1.2432913780212402,0.8724291177196722,0.9797612004886758,22.485191345214844,18.21354103088379,1.2345315217971802,0.874417367460374,0.9802540949997052,22.711164474487305,18.33168601989746,1.2389020919799805,0.8739716344669729,0.980036287803123,0.2900206744670868,0.029502322897315025,9.830435752868652,0.8744173676864644,0.9802540934425281,1077220016128.0,110530732032.0,9.74588680267334,0.8724291177196722,0.9797612004886758,1138.726806640625,115.83690643310547,9.830431938171387,0.874417367460374,0.9802540949997052,1137.622314453125,115.72559356689453,9.830343246459961,0.8739716344669729,0.980036287803123,701944356143104.0,4141786.5,701939322978304.0,-32628.1875,-701941806006272.0,32777.4765625,0.000699695257935673
0,14,225,240,0.005726160481572151,0.004638357553631067,1.2345232963562012,0.8745120892328145,0.9802897820559706,21362980864.0,17519368192.0,1.21939218044281,0.874432904348762,0.9798763194054705,22.480518341064453,18.209877014160156,1.2345232963562012,0.8745120527384374,0.9802897762269496,22.691282272338867,18.31939697265625,1.2386479377746582,0.8740858177429908,0.9800831824422513,0.2905173599720001,0.029530765488743782,9.837786674499512,0.8745120892328145,0.9802897820559706,1061584175104.0,109316792320.0,9.711080551147461,0.874432904348762,0.9798763194054705,1140.5511474609375,115.935791015625,9.837783813476562,0.8745120527384374,0.9802897762269496,1139.3026123046875,115.81526947021484,9.837239265441895,0.8740858177429908,0.9800831824422513,701301587443712.0,4314614.0,701296688496640.0,1641687.5,-701299171524608.0,-1641306.5,0.0007330405060201883
0,15,241,256,0.005724702496081591,0.00463922880589962,1.233977198600769,0.874498544664103,0.9802788831749857,22933399552.0,17910906880.0,1.2804152965545654,0.8695266532961747,0.9797197576490222,22.472646713256836,18.211551666259766,1.2339775562286377,0.8744985448100164,0.9802788803903133,22.670495986938477,18.313642501831055,1.237902045249939,0.8740971462225925,0.9800848838319671,0.29028287529945374,0.029523175209760666,9.83237361907959,0.874498544664103,0.9802788831749857,1130824728576.0,115230179328.0,9.813615798950195,0.8695266532961747,0.9797197576490222,1139.5218505859375,115.89485168457031,9.832376480102539,0.8744985448100164,0.9802788803903133,1138.356201171875,115.77838897705078,9.832200050354004,0.8740971462225925,0.9800848838319671,716975466610688.0,3885965.0,716970299228160.0,839212.625,-716972782256128.0,-839289.5,0.0007299748831428587
0,16,257,272,0.005718845408409834,0.004638319369405508,1.2329564094543457,0.874631669191297,0.9802996590267328,21775568896.0,18002776064.0,1.2095673084259033,0.877701229281162,0.9807103231054197,22.44776153564453,18.206443786621094,1.2329570055007935,0.8746317058409921,0.9802996697936444,22.630706787109375,18.3010311126709,1.2365809679031372,0.8742669730004227,0.9801197197877315,0.2902916967868805,0.029517171904444695,9.834671974182129,0.874631669191297,0.9802996590267328,1128871624704.0,114139668480.0,9.890265464782715,0.877701229281162,0.9807103231054197,1139.461181640625,115.8615493774414,9.83467960357666,0.8746317058409921,0.9802996697936444,1138.3494873046875,115.74505615234375,9.834973335266113,0.8742669730004227,0.9801197197877315,720648334737408.0,3931488.0,720643234463744.0,217482.828125,-720645784600576.0,-217322.765625,0.0007468535332009196
0,17,273,288,0.005721447058022022,0.004637755453586578,1.233667254447937,0.8745729998099582,0.9802933593012608,22519961600.0,17769795584.0,1.2673169374465942,0.8711719959236593,0.9796872352856193,22.456283569335938,18.2028751373291,1.2336667776107788,0.8745730482900116,0.9802933667115764,22.63383674621582,18.29253578186035,1.2373263835906982,0.8742012931342915,0.9801185073873482,0.2903309166431427,0.02951795421540737,9.835739135742188,0.8745729998099582,0.9802933593012608,1108660584448.0,112699924480.0,9.837278366088867,0.8711719959236593,0.9796872352856193,1139.5291748046875,115.8559799194336,9.835739135742188,0.8745730482900116,0.9802933667115764,1138.4375,115.74469757080078,9.835763931274414,0.8742012931342915,0.9801185073873482,711322551451648.0,3759755.0,711317316960256.0,-1519600.75,-711319934205952.0,1519245.0,0.0007589089218527079
0,18,289,304,0.005723763257265091,0.004637599922716618,1.234208106994629,0.8745111488888346,0.9802807643798395,21932802048.0,18211643392.0,1.2043285369873047,0.8763940333054766,0.9801790323742234,22.463891983032227,18.201059341430664,1.2342079877853394,0.874511100169098,0.9802807583060399,22.62887954711914,18.28519058227539,1.237552285194397,0.8741697610280927,0.9801168431536318,0.29026293754577637,0.02951265685260296,9.835201263427734,0.8745111488888346,0.9802807643798395,1106545475584.0,113570029568.0,9.743288040161133,0.8763940333054766,0.9801790323742234,1139.1864013671875,115.8275146484375,9.835196495056152,0.874511100169098,0.9802807583060399,1138.0928955078125,115.717529296875,9.835094451904297,0.8741697610280927,0.9801168431536318,729009159667712.0,3362703.5,729003790958592.0,1482131.5,-729006475313152.0,-1482186.0,0.0007953279418870807
0,19,305,320,0.0057221874594688416,0.004638134967535734,1.233725905418396,0.8745560048651103,0.9802895142091121,21192521728.0,17731330048.0,1.1952019929885864,0.8796506613182344,0.9810587033392849,22.456382751464844,18.202070236206055,1.2337268590927124,0.8745558957323324,0.9802895043894212,22.614818572998047,18.281526565551758,1.2370312213897705,0.874216923234016,0.9801301762355267,0.2903118431568146,0.0295186135917902,9.834874153137207,0.8745560048651103,0.9802895142091121,1118852743168.0,112661446656.0,9.931105613708496,0.8796506613182344,0.9810587033392849,1139.3109130859375,115.84398651123047,9.83487319946289,0.8745558957323324,0.9802895043894212,1138.14892578125,115.72858428955078,9.834639549255371,0.874216923234016,0.9801301762355267,709784214962176.0,3549262.5,709778846253056.0,780497.625,-709781463498752.0,-780337.375,0.0007806844660080969
0,20,321,336,0.005719643086194992,0.004636175464838743,1.2336984872817993,0.8746131416215223,0.9802974815865753,22253113344.0,17919574016.0,1.2418327331542969,0.8765432262633723,0.9810607331425996,22.445173263549805,18.19340705871582,1.2336982488632202,0.8746131415465286,0.9802974855355374,22.593969345092773,18.268972396850586,1.236739993095398,0.8743078316466675,0.9801487673029493,0.2903001010417938,0.029504630714654922,9.839137077331543,0.8746131416215223,0.9802974815865753,1174972268544.0,116809834496.0,10.058846473693848,0.8765432262633723,0.9810607331425996,1139.2034912109375,115.78289031982422,9.83913516998291,0.8746131415465286,0.9802974855355374,1138.16455078125,115.67376708984375,9.839435577392578,0.8743078316466675,0.9801487673029493,717316379639808.0,3489175.0,717310876712960.0,-98922.125,-717313628176384.0,99119.125,0.0007807813235558569
0,21,337,352,0.005725916940718889,0.004636686760932207,1.2349156141281128,0.8744776983939113,0.9802828958488252,22393802752.0,17882427392.0,1.2522797584533691,0.8734858601274091,0.9805897521344595,22.46870231628418,18.19453239440918,1.234915018081665,0.8744777346435422,0.9802828910059246,22.6103515625,18.266239166259766,1.2378219366073608,0.8741798110007692,0.9801390259604624,0.2904035449028015,0.029517903923988342,9.838216781616211,0.8744776983939113,0.9802828958488252,1153710292992.0,116555956224.0,9.898338317871094,0.8734858601274091,0.9805897521344595,1139.5535888671875,115.82929992675781,9.838214874267578,0.8744777346435422,0.9802828910059246,1138.43115234375,115.71747589111328,9.83802318572998,0.8741798110007692,0.9801390259604624,715832267112448.0,3811602.5,715826965512192.0,-1512713.0,-715829582757888.0,1512570.375,0.0007276595570147038
0,22,353,368,0.005723526701331139,0.00463824113830924,1.233986496925354,0.8745367347906428,0.9802883370401173,22595612672.0,18047379456.0,1.252016305923462,0.8745767146204597,0.9803385704913942,22.458328247070312,18.199813842773438,1.233986735343933,0.8745367957069445,0.9802883480102204,22.593679428100586,18.26781463623047,1.2368024587631226,0.8742496955584944,0.9801499183179586,0.2903624475002289,0.029522057622671127,9.835440635681152,0.8745367347906428,0.9802883370401173,1149235494912.0,115127009280.0,9.982327461242676,0.8745767146204597,0.9803385704913942,1139.3427734375,115.84046173095703,9.835447311401367,0.8745367957069445,0.9802883480102204,1138.2159423828125,115.72664642333984,9.835383415222168,0.8742496955584944,0.9801499183179586,722435578003456.0,3777369.75,722430007967744.0,2263286.5,-722432893648896.0,-2263058.75,0.0007481349748559296
0,23,369,384,0.005721583031117916,0.004637491889297962,1.2337666749954224,0.8745319186140902,0.9802799721935386,22923286528.0,18064128000.0,1.268994927406311,0.8712700098561856,0.9801974609663378,22.449783325195312,18.19614028930664,1.2337663173675537,0.8745318941410841,0.9802799721251875,22.57790756225586,18.26093864440918,1.236404538154602,0.874264514340158,0.9801483288361824,0.29014071822166443,0.029505901038646698,9.833311080932617,0.8745319186140902,0.9802799721935386,1157593300992.0,117429133312.0,9.857803344726562,0.8712700098561856,0.9801974609663378,1138.425537109375,115.77240753173828,9.833306312561035,0.8745318941410841,0.9802799721251875,1137.330322265625,115.6601791381836,9.833377838134766,0.874264514340158,0.9801483288361824,723105861337088.0,3713479.25,723100022865920.0,-1247863.625,-723102975655936.0,1247835.5,0.0007460341439582407
0,24,385,400,0.005725727882236242,0.004638781771063805,1.2343171834945679,0.8745520600440176,0.9802919160521083,22266355712.0,18395637760.0,1.210415005683899,0.8768788240972962,0.9805860773156762,22.465227127075195,18.200529098510742,1.2343173027038574,0.874552108723693,0.980291917285443,22.591907501220703,18.26299285888672,1.2370320558547974,0.8742741396367786,0.9801612750085192,0.2905268669128418,0.02952725626528263,9.839278221130371,0.8745520600440176,0.9802919160521083,1146927185920.0,116663320576.0,9.831087112426758,0.8768788240972962,0.9805860773156762,1139.899169921875,115.85185241699219,9.839282989501953,0.874552108723693,0.980291917285443,1138.7781982421875,115.73982238769531,9.83912181854248,0.8742741396367786,0.9801612750085192,736382678990848.0,3554938.75,736376840519680.0,-1343000.75,-736379726200832.0,1342980.75,0.0007773148245178163
0,25,401,416,0.00572854932397604,0.004638483747839928,1.2350047826766968,0.8744177135523061,0.9802713592073574,22227744768.0,18277783552.0,1.2161072492599487,0.8764024634389767,0.980295791113296,22.475528717041016,18.19873046875,1.2350053787231445,0.8744176894779623,0.9802713551444779,22.597566604614258,18.25838279724121,1.2376543283462524,0.874147609276641,0.9801450317630342,0.29036715626716614,0.029526177793741226,9.834227561950684,0.8744177135523061,0.9802713592073574,1128070905856.0,114650079232.0,9.839251518249512,0.8764024634389767,0.980295791113296,1139.2332763671875,115.84365844726562,9.834230422973633,0.8744176894779623,0.9802713551444779,1138.131591796875,115.7322998046875,9.834174156188965,0.874147609276641,0.9801450317630342,731660026904576.0,3641174.25,731654255542272.0,1297848.25,-731657208332288.0,-1297951.75,0.0007840342586860061
0,26,417,432,0.005725316237658262,0.004638141952455044,1.234398603439331,0.874479170707298,0.9802758171311814,23043297280.0,18222735360.0,1.2645355463027954,0.8719428488344917,0.9800806955946064,22.46212387084961,18.196813583374023,1.2343987226486206,0.8744791829302044,0.9802758238803423,22.577898025512695,18.253673553466797,1.2368961572647095,0.8742279857697931,0.9801557449969358,0.2902688682079315,0.029516227543354034,9.834213256835938,0.874479170707298,0.9802758171311814,1156832428032.0,117150261248.0,9.874774932861328,0.8719428488344917,0.9800806955946064,1138.811767578125,115.80098724365234,9.83421516418457,0.8744791829302044,0.9802758238803423,1137.7548828125,115.69097900390625,9.834430694580078,0.8742279857697931,0.9801557449969358,729458789056512.0,3639297.75,729453084803072.0,-1801322.25,-729456104701952.0,1801147.875,0.0007939663482829928
0,27,433,448,0.005726600997149944,0.004639143124222755,1.234409213066101,0.874474780849773,0.9802737809063907,22797596672.0,18359500800.0,1.2417329549789429,0.8722420657309241,0.979554590426154,22.46650505065918,18.200210571289062,1.2344090938568115,0.8744747929719866,0.9802737824892819,22.57758140563965,18.254562377929688,1.236818552017212,0.8742329621023615,0.9801574006947652,0.290304034948349,0.029520582407712936,9.833953857421875,0.874474780849773,0.9802737809063907,1115047198720.0,114723635200.0,9.719419479370117,0.8722420657309241,0.979554590426154,1138.916015625,115.81465911865234,9.833953857421875,0.8744747929719866,0.9802737824892819,1137.8338623046875,115.7016830444336,9.834202766418457,0.8742329621023615,0.9801574006947652,734933731508224.0,3952550.5,734927691710464.0,-977616.5,-734930644500480.0,977547.0625,0.0007360881427302957
0,28,449,464,0.005727405659854412,0.004637822043150663,1.2349343299865723,0.8744773291519665,0.9802829393577289,22415949824.0,18455023616.0,1.2146259546279907,0.8763099176394975,0.9803994550772847,22.469053268432617,18.194536209106445,1.2349340915679932,0.874477377720539,0.9802829420919933,22.575674057006836,18.24676513671875,1.237242579460144,0.8742443569589678,0.9801705668776703,0.2904796898365021,0.029525281861424446,9.838336944580078,0.8744773291519665,0.9802829393577289,1143639113728.0,116461207552.0,9.819913864135742,0.8763099176394975,0.9803994550772847,1139.5743408203125,115.8299560546875,9.838338851928711,0.874477377720539,0.9802829420919933,1138.4931640625,115.71856689453125,9.838465690612793,0.8742443569589678,0.9801705668776703,738754306244608.0,3771002.5,738748400664576.0,-1272263.125,-738751420563456.0,1272369.875,0.0007928446284495294
0,29,465,480,0.005730940029025078,0.004636579193174839,1.2360275983810425,0.8743729400704502,0.980275523582429,22401062912.0,18591840256.0,1.204886794090271,0.8753766815780786,0.9804159579564257,22.48233985900879,18.189199447631836,1.2360268831253052,0.8743729640596647,0.9802755275905439,22.587114334106445,18.24017333984375,1.2383168935775757,0.874137809118434,0.9801643592585907,0.2905496656894684,0.029530813917517662,9.83886432647705,0.8743729400704502,0.980275523582429,1143842668544.0,118309437440.0,9.668229103088379,0.8753766815780786,0.9804159579564257,1139.819580078125,115.8487319946289,9.838860511779785,0.8743729640596647,0.9802755275905439,1138.713623046875,115.73854064941406,9.838672637939453,0.874137809118434,0.9801643592585907,744229517131776.0,3613480.0,744223544442880.0,-761658.0,-744226497232896.0,761839.625,0.0007877787575125694
0,30,481,488,0.0034498886670917273,0.002320048864930868,1.4869896173477173,0.759592517898869,0.9622200858907709,13571027968.0,9278169088.0,1.462683916091919,0.7621818895367476,0.9618936951811438,13.533586502075195,9.101336479187012,1.48698890209198,0.7595925408694533,0.9622200958101544,13.592397689819336,9.126213073730469,1.4893798828125,0.7592104736709306,0.9620220878145828,0.09131541848182678,0.01476332452148199,6.185288429260254,0.759592517898869,0.9622200858907709,356136026112.0,57904234496.0,6.150431156158447,0.7621818895367476,0.9618936951811438,358.2218322753906,57.915157318115234,6.185286045074463,0.7595925408694533,0.9622200958101544,357.9027099609375,57.86248779296875,6.185401439666748,0.7592104736709306,0.9620220878145828,371256369086464.0,1729583.75,371253349187584.0,591102.9375,-371254859137024.0,-591040.5625,0.0007615279173478484
1,0,1,16,0.058688562363386154,0.04871698096394539,1.2046838998794556,0.8246119728460133,0.9205126902871004,467038961664.0,418994061312.0,1.114667296409607,0.7672838958635225,0.8496353877339577,288.8097839355469,239.89613342285156,1.2038952112197876,0.8155530035641593,0.9093375254157531,1083.7469482421875,958.4342651367188,1.1307473182678223,0.6469405559071321,0.7106220414155378,0.7383387684822083,0.1074935793876648,6.868678092956543,0.8246119728460133,0.9205126902871004,3106043068416.0,648468168704.0,4.789815902709961,0.7672838958635225,0.8496353877339577,3185.54931640625,488.05328369140625,6.527052402496338,0.8155530035641593,0.9093375254157531,3745.091552734375,1169.3504638671875,3.2027108669281006,0.6469405559071321,0.7106220414155378,1.6783402900389888e+16,60239300.0,1.6783317001043968e+16,37858660.0,-1.6783364245684224e+16,-65145356.0,0.0015080093871802092
1,1,17,32,0.0068411147221922874,0.005568571388721466,1.2285224199295044,0.8742880637011172,0.9800575071870816,25195167744.0,20446304256.0,1.2322602272033691,0.8716227306281862,0.978915036395564,27.224727630615234,22.160400390625,1.2285305261611938,0.87426851048986,0.9800539262893536,29.983089447021484,23.626209259033203,1.269060492515564,0.8699060296267142,0.9779648190326056,0.3430421054363251,0.0351027250289917,9.772520065307617,0.8742880637011172,0.9800575071870816,1194935320576.0,124488744960.0,9.59874153137207,0.8716227306281862,0.978915036395564,1364.9166259765625,139.6896514892578,9.771064758300781,0.87426851048986,0.9800539262893536,1360.6917724609375,139.48727416992188,9.754952430725098,0.8699060296267142,0.9779648190326056,818499635118080.0,22364676.0,818495071715328.0,5806310.0,-818497353416704.0,-5805623.5,0.0003613817098084837
1,2,33,48,0.005909198895096779,0.00478764995932579,1.234258770942688,0.8744776749313742,0.9802792954386728,22047254528.0,17614018560.0,1.2516878843307495,0.8738953386649675,0.9803829701704463,23.367290496826172,18.932315826416016,1.234254240989685,0.8744762486186377,0.9802790691702749,24.704774856567383,19.649171829223633,1.257293462753296,0.8720531048892263,0.9791157373860278,0.299644410610199,0.03047340176999569,9.832982063293457,0.8744776749313742,0.9802792954386728,1123883417600.0,113228660736.0,9.925786018371582,0.8738953386649675,0.9803829701704463,1184.89794921875,120.50421142578125,9.832834243774414,0.8744762486186377,0.9802790691702749,1182.9373779296875,120.38014221191406,9.826682090759277,0.8720531048892263,0.9791157373860278,705099143839744.0,19515518.0,705095318634496.0,-1616976.625,-705097399009280.0,1617100.875,0.0003516256110742688
1,3,49,64,0.005758089013397694,0.00466559175401926,1.2341605424880981,0.8744383320050554,0.980257320197597,22355255296.0,17216808960.0,1.2984552383422852,0.8662055746129527,0.9788350906119675,22.712297439575195,18.40308380126953,1.2341572046279907,0.8744381477383039,0.9802572908747114,23.627685546875,18.895465850830078,1.2504420280456543,0.8727504560592925,0.9794393958884527,0.2916569113731384,0.029672745615243912,9.829118728637695,0.8744383320050554,0.980257320197597,1056241483776.0,108836421632.0,9.704853057861328,0.8662055746129527,0.9788350906119675,1150.4144287109375,117.04195404052734,9.82907772064209,0.8744381477383039,0.9802572908747114,1149.1727294921875,116.94401550292969,9.826691627502441,0.8727504560592925,0.9794393958884527,689187095314432.0,15448744.0,689183270109184.0,2573511.5,-689185082048512.0,-2572769.75,0.00039704455411992967
1,4,65,80,0.005727143492549658,0.004642418120056391,1.2336552143096924,0.874571633521624,0.9802970582033849,21278560256.0,17114035200.0,1.2433397769927979,0.8735508017375928,0.9803590804444872,22.559036254882812,18.28636360168457,1.2336535453796387,0.874571535645529,0.9802970413304097,23.260761260986328,18.661975860595703,1.2464255094528198,0.8732545456484984,0.9796612159146436,0.2906745374202728,0.029553502798080444,9.835536003112793,0.874571633521624,0.9802970582033849,1083379023872.0,110180990976.0,9.832721710205078,0.8735508017375928,0.9803590804444872,1144.956787109375,116.41044616699219,9.835515022277832,0.874571535645529,0.9802970413304097,1143.665283203125,116.29605102539062,9.834084510803223,0.8732545456484984,0.9796612159146436,685075603652608.0,11156338.0,685071711338496.0,-610813.5625,-685073657495552.0,610969.625,0.0004500578797888011
1,5,81,96,0.0057218438014388084,0.0046391538344323635,1.233380913734436,0.8745016137873655,0.9802632666115664,20750223360.0,17151430656.0,1.2098246812820435,0.8776294001830649,0.9810693137275828,22.51842498779297,18.257490158081055,1.2333800792694092,0.8745016134488292,0.9802632666454754,23.08652114868164,18.561832427978516,1.2437629699707031,0.8734451009490211,0.9797497476812966,0.28990834951400757,0.029498616233468056,9.827862739562988,0.8745016137873655,0.9802632666115664,1096115748864.0,110869241856.0,9.886563301086426,0.8776294001830649,0.9810693137275828,1140.9398193359375,116.09245300292969,9.827856063842773,0.8745016134488292,0.9802632666454754,1140.0609130859375,116.00304412841797,9.827853202819824,0.8734451009490211,0.9797497476812966,686571997102080.0,8725063.0,686568037679104.0,274045.3125,-686570050945024.0,-273957.875,0.0005046809674240649
1,6,97,112,0.005727680865675211,0.004638371989130974,1.2348471879959106,0.8744202209813473,0.9802673486634219,21246636032.0,17286995968.0,1.2290531396865845,0.8753781308358075,0.9803119741488867,22.527767181396484,18.243371963500977,1.2348467111587524,0.8744202451152541,0.9802673552087305,23.003454208374023,18.498836517333984,1.243508219718933,0.8735332783916393,0.979830032307711,0.2902641296386719,0.02951887995004654,9.833168983459473,0.8744202209813473,0.9802673486634219,1079165386752.0,109423755264.0,9.862258911132812,0.8753781308358075,0.9803119741488867,1141.649658203125,116.10192108154297,9.83316707611084,0.8744202451152541,0.9802673552087305,1140.48046875,115.98863983154297,9.832691192626953,0.8735332783916393,0.979830032307711,691995064401920.0,7205688.0,691990836543488.0,-748132.0,-691992984027136.0,747964.625,0.0005661215400323272
1,7,113,128,0.005727321375161409,0.004638366401195526,1.2347712516784668,0.8744650773836216,0.9802822766921359,20924045312.0,17371844608.0,1.2044804096221924,0.8766047864853832,0.9802494357389809,22.516366958618164,18.23526954650879,1.2347701787948608,0.8744651256027078,0.9802822786100003,22.93391227722168,18.456418991088867,1.2425981760025024,0.8736639636877565,0.9798973772349134,0.29046565294265747,0.029530638828873634,9.836077690124512,0.8744650773836216,0.9802822766921359,1059415064576.0,108533727232.0,9.761159896850586,0.8766047864853832,0.9802494357389809,1141.935546875,116.09669494628906,9.83607292175293,0.8744651256027078,0.9802822786100003,1140.841796875,115.99037170410156,9.83565902709961,0.8736639636877565,0.9798973772349134,695393323057152.0,5746478.5,695389028089856.0,-68053.3828125,-695391175573504.0,68051.59375,0.0006145796505734324
1,8,129,144,0.005725482478737831,0.004637988284230232,1.2344753742218018,0.8744949148499761,0.980287752025526,21560700928.0,17348614144.0,1.242790937423706,0.8769717262466712,0.9814223880171393,22.501506805419922,18.227596282958984,1.234474778175354,0.8744949389423079,0.9802877606280375,22.863048553466797,18.420745849609375,1.2411575317382812,0.8738142892920335,0.9799519158619706,0.2904530465602875,0.02952941507101059,9.836058616638184,0.8744949148499761,0.980287752025526,1160574402560.0,114889375744.0,10.101669311523438,0.8769717262466712,0.9814223880171393,1141.499267578125,116.05255126953125,9.836055755615234,0.8744949389423079,0.9802877606280375,1140.41064453125,115.94300079345703,9.835959434509277,0.8738142892920335,0.9799519158619706,694466281209856.0,5106506.5,694461852024832.0,-1507438.25,-694463999508480.0,1507676.75,0.0006393729127012193
1,9,145,160,0.005726431030780077,0.0046387044712901115,1.2344893217086792,0.874482884825855,0.9802808038260222,20775106560.0,17410947072.0,1.1932209730148315,0.8810677137198331,0.9817170131144886,22.499223709106445,18.22553062438965,1.2344893217086792,0.8744828483134846,0.9802807922250019,22.82664680480957,18.397045135498047,1.2407779693603516,0.8738409399991758,0.9799737306734222,0.29039880633354187,0.029526395723223686,9.835227012634277,0.874482884825855,0.9802808038260222,1136308125696.0,113259593728.0,10.03277587890625,0.8810677137198331,0.9817170131144886,1140.9801025390625,116.00956726074219,9.835224151611328,0.8744828483134846,0.9802807922250019,1139.835205078125,115.89546203613281,9.835028648376465,0.8738409399991758,0.9799737306734222,696960449249280.0,4494681.5,696955952955392.0,1612831.75,-696958301765632.0,-1612623.375,0.0006786469020880759
1,10,161,176,0.005724031012505293,0.004637031815946102,1.2344170808792114,0.8745465764132505,0.9803049005973133,21633638400.0,17595973632.0,1.2294652462005615,0.8746022191299381,0.9797994612179947,22.484899520874023,18.21500587463379,1.2344162464141846,0.8745466612196714,0.9803049167192378,22.775188446044922,18.36833381652832,1.2399158477783203,0.8739865415293234,0.9800296103611552,0.2906322479248047,0.029536865651607513,9.839644432067871,0.8745465764132505,0.9803049005973133,1070943633408.0,109229563904.0,9.804521560668945,0.8746022191299381,0.9797994612179947,1141.650390625,116.02556610107422,9.839644432067871,0.8745466612196714,0.9803049167192378,1140.4478759765625,115.90445709228516,9.839550971984863,0.8739865415293234,0.9800296103611552,704365979500544.0,4347360.5,704361214771200.0,-900494.1875,-704363496472576.0,900321.4375,0.0006734665366820991
1,11,177,192,0.005724700167775154,0.0046369535848498344,1.2345821857452393,0.8744643255767858,0.9802866427369896,21734191104.0,17490679808.0,1.2426155805587769,0.8701248353730807,0.9790657565612229,22.483510971069336,18.211442947387695,1.234581470489502,0.8744643983059345,0.9802866460125086,22.749418258666992,18.35244369506836,1.2395851612091064,0.8739508423517656,0.9800335645452358,0.2903970181941986,0.029528358951210976,9.834512710571289,0.8744643255767858,0.9802866427369896,1038212399104.0,108511444992.0,9.567769050598145,0.8701248353730807,0.9790657565612229,1140.5218505859375,115.97135925292969,9.834512710571289,0.8744643983059345,0.9802866460125086,1139.383056640625,115.85995483398438,9.83414077758789,0.8739508423517656,0.9800335645452358,700153287671808.0,3915725.25,700148522942464.0,1704002.0,-700150938861568.0,-1703813.625,0.0007130313315428793
1,12,193,208,0.005721961613744497,0.004638096783310175,1.233687400817871,0.8745625959423564,0.9802927340010568,21077792768.0,17758715904.0,1.1868984699249268,0.8785543057609245,0.9806600485649138,22.46938705444336,18.213193893432617,1.2336872816085815,0.8745625715734673,0.980292727233892,22.715295791625977,18.342350006103516,1.238407015800476,0.8740808157765437,0.9800586907598283,0.2903478145599365,0.0295216403901577,9.835083961486816,0.8745625959423564,0.9802927340010568,1089857585152.0,111516286976.0,9.773079872131348,0.8785543057609245,0.9806600485649138,1140.1571044921875,115.92757415771484,9.835081100463867,0.8745625715734673,0.980292727233892,1139.1075439453125,115.82257843017578,9.834935188293457,0.8740808157765437,0.9800586907598283,710876411723776.0,3981951.25,710871512776704.0,-581633.125,-710873995804672.0,581729.125,0.0007573958719149232
1,13,209,224,0.005725393071770668,0.004636812023818493,1.234769344329834,0.874438561472179,0.9802769233541166,21326094336.0,18062159872.0,1.1807056665420532,0.8812875608971237,0.9813267149723525,22.479982376098633,18.205821990966797,1.2347688674926758,0.8744385977842601,0.9802769199601118,22.71080780029297,18.324522018432617,1.2393670082092285,0.873978855002671,0.9800584571219223,0.290289044380188,0.029518963769078255,9.833985328674316,0.874438561472179,0.9802769233541166,1142064414720.0,114827304960.0,9.945930480957031,0.8812875608971237,0.9813267149723525,1139.780517578125,115.90221405029297,9.833984375,0.8744385977842601,0.9802769199601118,1138.869140625,115.80233764648438,9.834595680236816,0.873978855002671,0.9800584571219223,723031437606912.0,4006327.5,723026538659840.0,32477.638671875,-723028887470080.0,-32225.71484375,0.0007531330920755863
1,14,225,240,0.005725677125155926,0.004636981524527073,1.2347854375839233,0.8744387879983329,0.980267091803773,23001788416.0,18156197888.0,1.2668836116790771,0.8688481461655553,0.9789149035249258,22.478614807128906,18.204477310180664,1.2347849607467651,0.8744388121334793,0.9802670879080724,22.69070053100586,18.314884185791016,1.2389212846755981,0.8740281348771338,0.9800659785125224,0.29015880823135376,0.029505280777812004,9.834131240844727,0.8744387879983329,0.980267091803773,1090902687744.0,112933740544.0,9.659669876098633,0.8688481461655553,0.9789149035249258,1139.143310546875,115.83570861816406,9.834129333496094,0.8744388121334793,0.9802670879080724,1138.2901611328125,115.73982238769531,9.834904670715332,0.8740281348771338,0.9800659785125224,726788258922496.0,4002057.25,726783225757696.0,-237213.90625,-726785708785664.0,237389.46875,0.0007317130803130567
1,15,241,256,0.0057193743996322155,0.004638835787773132,1.2329331636428833,0.8746081942908221,0.9802906515590701,22299766784.0,18176215040.0,1.226865291595459,0.8748657794402749,0.9805714361532171,22.45172691345215,18.21000862121582,1.2329332828521729,0.8746080970341317,0.9802906387161499,22.649547576904297,18.312753677368164,1.2368181943893433,0.874217604869995,0.9801008258187968,0.2901858687400818,0.029512491077184677,9.832645416259766,0.8746081942908221,0.9802906515590701,1147782561792.0,117068169216.0,9.804394721984863,0.8748657794402749,0.9805714361532171,1139.1402587890625,115.85295104980469,9.83263874053955,0.8746080970341317,0.9802906387161499,1138.2154541015625,115.75465393066406,9.832999229431152,0.874217604869995,0.9801008258187968,727598061584384.0,3693032.0,727592894201856.0,-1323167.625,-727595511447552.0,1323264.375,0.0007606850122101605
1,16,257,272,0.005722315050661564,0.004637326579540968,1.2339684963226318,0.87454517028239,0.9802878403305985,21625251840.0,17973958656.0,1.20314359664917,0.8762520821852827,0.9801280275196954,22.461374282836914,18.20254898071289,1.2339686155319214,0.8745451581626469,0.9802878477346196,22.648378372192383,18.29805564880371,1.2377477884292603,0.8741559720257535,0.9801035110393116,0.2902936637401581,0.029513511806726456,9.835958480834961,0.87454517028239,0.9802878403305985,1088228753408.0,111928483840.0,9.722536087036133,0.8762520821852827,0.9801280275196954,1139.4683837890625,115.84721374511719,9.835958480834961,0.8745451581626469,0.9802878477346196,1138.310302734375,115.73404693603516,9.835570335388184,0.8741559720257535,0.9801035110393116,719497283502080.0,3270387.75,719492116119552.0,1224667.25,-719494733365248.0,-1224553.0,0.0007911787834018469
1,17,273,288,0.0057318853214383125,0.004637610167264938,1.2359566688537598,0.8743128271965697,0.9802485685538325,23063298048.0,18221879296.0,1.2656925916671753,0.8716232140615094,0.9797926704259526,22.497272491455078,18.202312469482422,1.2359567880630493,0.8743128516418048,0.9802485609023489,22.671594619750977,18.292551040649414,1.2393895387649536,0.873964342202129,0.9800769390222016,0.29020100831985474,0.029511183500289917,9.83359432220459,0.8743128271965697,0.9802485685538325,1141333295104.0,115763265536.0,9.859201431274414,0.8716232140615094,0.9797926704259526,1139.0194091796875,115.82938385009766,9.833597183227539,0.8743128516418048,0.9802485609023489,1137.9573974609375,115.72085571289062,9.83364200592041,0.873964342202129,0.9800769390222016,729421275201536.0,3146722.5,729415973601280.0,-692003.6875,-729418725064704.0,692103.8125,0.0007930602296255529
1,18,289,304,0.005726287607103586,0.004637966863811016,1.2346547842025757,0.8744049748122011,0.9802626869431357,21518843904.0,17996699648.0,1.19571053981781,0.8783071880377411,0.9808318490027119,22.473793029785156,18.202495574951172,1.2346545457839966,0.8744049990652861,0.9802626913343386,22.640737533569336,18.287673950195312,1.2380326986312866,0.874058021609877,0.9800967106407573,0.2901249825954437,0.029512912034988403,9.830443382263184,0.8744049748122011,0.9802626869431357,1122635350016.0,114255618048.0,9.82564640045166,0.8783071880377411,0.9808318490027119,1138.645263671875,115.82848358154297,9.830443382263184,0.8744049990652861,0.9802626913343386,1137.5374755859375,115.71885681152344,9.830183029174805,0.874058021609877,0.9800967106407573,720406608609280.0,3570889.0,720401239900160.0,-1352064.375,-720403924254720.0,1352425.5,0.0007877495954744518
1,19,305,320,0.005728793330490589,0.0046392702497541904,1.2348480224609375,0.8743652194702317,0.9802411658690724,22913415168.0,18367350784.0,1.2475078105926514,0.8731622511242599,0.9801824229608919,22.482280731201172,18.206527709960938,1.2348473072052002,0.8743653166212576,0.9802411802422148,22.640987396240234,18.286251068115234,1.2381426095962524,0.8740286678697604,0.9800826858616738,0.28993579745292664,0.029498383402824402,9.82887077331543,0.8743652194702317,0.9802411658690724,1156216782848.0,117555929088.0,9.835461616516113,0.8731622511242599,0.9801824229608919,1137.835205078125,115.76457214355469,9.828872680664062,0.8743653166212576,0.9802411802422148,1136.7490234375,115.65531921386719,9.828764915466309,0.8740286678697604,0.9800826858616738,735245586399232.0,3710392.0,735240150581248.0,-1671484.0,-735242767826944.0,1671579.875,0.0007450053817592561
1,20,321,336,0.005724005866795778,0.0046378690749406815,1.2341887950897217,0.8745134166348216,0.98028823251993,22954688512.0,18006431744.0,1.274804949760437,0.873228671795826,0.9805527572373448,22.462289810180664,18.20005226135254,1.234188199043274,0.874513489405877,0.9802882373790719,22.61005973815918,18.275888442993164,1.2371524572372437,0.8742119144762124,0.980139731635121,0.2903852164745331,0.029525019228458405,9.835225105285645,0.8745134166348216,0.98028823251993,1180356968448.0,117379072000.0,10.055940628051758,0.873228671795826,0.9805527572373448,1139.537353515625,115.86285400390625,9.835226058959961,0.874513489405877,0.9802882373790719,1138.4569091796875,115.753173828125,9.835211753845215,0.8742119144762124,0.980139731635121,720799061245952.0,3246204.0,720793558319104.0,2291682.25,-720796242673664.0,-2291629.25,0.0007964390097185969
1,21,337,352,0.0057287937961518764,0.004636896774172783,1.2354800701141357,0.8743696638407565,0.9802643634920581,21589598208.0,18099179520.0,1.1928495168685913,0.8783086826358666,0.980853561894865,22.47998809814453,18.19535255432129,1.235479712486267,0.8743696636573763,0.980264366002243,22.62315559387207,18.267202377319336,1.2384576797485352,0.8740683253304184,0.9801207467657808,0.2902766168117523,0.029516903683543205,9.834249496459961,0.8743696638407565,0.9802643634920581,1127603896320.0,115035144192.0,9.80225658416748,0.8783086826358666,0.980853561894865,1139.0557861328125,115.8254165649414,9.834246635437012,0.8743696636573763,0.980264366002243,1138.0284423828125,115.7196044921875,9.834362030029297,0.8740683253304184,0.9801207467657808,724515281698816.0,3528620.0,724509845880832.0,-1310961.25,-724512530235392.0,1311030.5,0.0007790044764988124
1,22,353,368,0.005729654338210821,0.004638097248971462,1.2353458404541016,0.8743907799519635,0.9802676872986218,23627030528.0,18349398016.0,1.2876187562942505,0.8690079861340184,0.9793725743370293,22.48237419128418,18.19925308227539,1.2353459596633911,0.8743908043714401,0.9802676911067927,22.617326736450195,18.267351150512695,1.238128423690796,0.8741126703995727,0.9801310923086739,0.2903691232204437,0.029524559155106544,9.834834098815918,0.8743907799519635,0.9802676872986218,1145418285056.0,116525686784.0,9.829750061035156,0.8690079861340184,0.9793725743370293,1139.36865234375,115.85028839111328,9.834836959838867,0.8743908043714401,0.9802676911067927,1138.32763671875,115.74003601074219,9.835210800170898,0.8741126703995727,0.9801310923086739,734528326860800.0,3340961.25,734522823933952.0,-2673719.75,-734525441179648.0,2673800.5,0.0007840573089197278
1,23,369,384,0.005724302027374506,0.004638267681002617,1.2341465950012207,0.8745218684608249,0.9802901700026259,21944539136.0,17992579072.0,1.2196438312530518,0.8789220258487411,0.9815231841080457,22.460447311401367,18.199186325073242,1.2341456413269043,0.8745219775893786,0.9802901773017585,22.59124183654785,18.26466178894043,1.2368825674057007,0.874241465256944,0.9801557034587368,0.2904287874698639,0.02952847257256508,9.835551261901855,0.8745218684608249,0.9802901700026259,1187679698944.0,117904785408.0,10.073209762573242,0.8789220258487411,0.9815231841080457,1139.5560302734375,115.86091613769531,9.835552215576172,0.8745219775893786,0.9802901773017585,1138.4249267578125,115.74797058105469,9.835376739501953,0.874241465256944,0.9801557034587368,720248500125696.0,3271898.75,720242930089984.0,-375465.03125,-720245748662272.0,375512.84375,0.000764908385463059
1,24,385,400,0.005725468974560499,0.004638401325792074,1.2343626022338867,0.8744852658813125,0.9802782229420132,21526249472.0,18155667456.0,1.185649037361145,0.8794151678468672,0.9811259189539239,22.46421241760254,18.199033737182617,1.2343629598617554,0.8744852051731759,0.9802782094490685,22.589651107788086,18.260887145996094,1.2370511293411255,0.8742130327202287,0.9801489078593428,0.2903120219707489,0.02952004224061966,9.834403991699219,0.8744852658813125,0.9802782229420132,1140519075840.0,115994951680.0,9.832489013671875,0.8794151678468672,0.9811259189539239,1139.055419921875,115.82355499267578,9.834402084350586,0.8744852051731759,0.9802782094490685,1137.955078125,115.71058654785156,9.834493637084961,0.8742130327202287,0.9801489078593428,726772890992640.0,3156853.5,726767253848064.0,2119906.25,-726770139529216.0,-2119646.75,0.0008177563431672752
1,25,401,416,0.005723631475120783,0.0046388451009988785,1.2338483333587646,0.874550161948486,0.9802895036070479,22269214720.0,18481207296.0,1.204965353012085,0.8770936432349439,0.9802890108797531,22.45621681213379,18.200145721435547,1.233848214149475,0.8745501862329838,0.9802895106554912,22.575857162475586,18.260112762451172,1.2363481521606445,0.8742993237263765,0.9801669674691008,0.2903849482536316,0.029524492099881172,9.835391998291016,0.874550161948486,0.9802895036070479,1129786769408.0,115238150144.0,9.803930282592773,0.8770936432349439,0.9802890108797531,1139.3028564453125,115.8370361328125,9.835392951965332,0.8745501862329838,0.9802895106554912,1138.2957763671875,115.73159790039062,9.835652351379395,0.8742993237263765,0.9801669674691008,739804627075072.0,3454502.25,739798788603904.0,-1395791.5,-739801674285056.0,1395460.75,0.0007871154230087996
1,26,417,432,0.005720838438719511,0.004639799706637859,1.2329925298690796,0.8745640523698902,0.9802749021423511,22956822528.0,18321635328.0,1.2529898881912231,0.8713659694142296,0.9793574880771454,22.44455909729004,18.203317642211914,1.2329927682876587,0.8745639672657951,0.9802748931331319,22.55999183654785,18.25992202758789,1.23549222946167,0.8743101652071983,0.9801537822125336,0.2900283932685852,0.029505440965294838,9.829658508300781,0.8745640523698902,0.9802749021423511,1112113807360.0,114171453440.0,9.740734100341797,0.8713659694142296,0.9793574880771454,1137.8675537109375,115.7586669921875,9.8296537399292,0.8745639672657951,0.9802748931331319,1136.7401123046875,115.64352416992188,9.829690933227539,0.8743101652071983,0.9801537822125336,733412641996800.0,3229196.75,733406870634496.0,558862.25,-733409689206784.0,-558802.5625,0.000832730031106621
1,27,433,448,0.005720624700188637,0.004636865574866533,1.2337267398834229,0.8745683626996338,0.9802867984657265,23845658624.0,18429245440.0,1.293903112411499,0.8675000900907676,0.9790445364226397,22.44305992126465,18.191274642944336,1.2337266206741333,0.8745683140108464,0.9802867932774812,22.553544998168945,18.24598503112793,1.236082673072815,0.8743268757620491,0.980169775210899,0.290192574262619,0.029503559693694115,9.83584976196289,0.8745683626996338,0.9802867984657265,1137920835584.0,116526809088.0,9.765313148498535,0.8675000900907676,0.9790445364226397,1138.4783935546875,115.74789428710938,9.835844993591309,0.8745683140108464,0.9802867932774812,1137.331787109375,115.6330795288086,9.83569622039795,0.8743268757620491,0.980169775210899,737723581202432.0,2975015.0,737717675622400.0,771216.5625,-737720561303552.0,-771174.375,0.0008184713078662753
1,28,449,464,0.005725739058107138,0.004637615755200386,1.2346298694610596,0.874444525587513,0.98026427763615,22620676096.0,18254194688.0,1.2392042875289917,0.8753853808643752,0.9807141832646973,22.46251678466797,18.193721771240234,1.2346301078796387,0.8744445622257604,0.9802642836856947,22.56989860534668,18.246009826660156,1.236977219581604,0.8742068614071138,0.9801513038479132,0.29012057185173035,0.02950376272201538,9.833341598510742,0.874444525587513,0.98026427763615,1172917714944.0,117948833792.0,9.944293022155762,0.8753853808643752,0.9807141832646973,1138.165771484375,115.74552154541016,9.833346366882324,0.8744445622257604,0.9802642836856947,1137.0972900390625,115.63595581054688,9.833423614501953,0.8742068614071138,0.9801513038479132,730713523486720.0,2970227.75,730707617906688.0,2203400.25,-730710637805568.0,-2203109.75,0.0008020919631235301
1,29,465,480,0.005720917135477066,0.004637900739908218,1.2335143089294434,0.8745427631846961,0.9802816069880981,22996914176.0,18344155136.0,1.2536370754241943,0.8728509017052921,0.9798526941135348,22.443037033081055,18.19438362121582,1.2335145473480225,0.8745427876109628,0.980281612322775,22.547046661376953,18.244638442993164,1.2358176708221436,0.8743100430916626,0.9801710089043199,0.29013100266456604,0.029508398845791817,9.832149505615234,0.8745427631846961,0.9802816069880981,1141438676992.0,115769466880.0,9.859582901000977,0.8728509017052921,0.9798526941135348,1138.1781005859375,115.76081848144531,9.8321533203125,0.8745427876109628,0.980281612322775,1137.0748291015625,115.64723205566406,9.832270622253418,0.8743100430916626,0.9801710089043199,734317135265792.0,3205776.0,734311162576896.0,-1833613.5,-734314115366912.0,1833872.375,0.0008075310615822673
1,30,481,488,0.0034523452632129192,0.002320358995348215,1.4878497123718262,0.759438997556803,0.9621933902513949,14039948288.0,9091321856.0,1.5443241596221924,0.7514521978990548,0.9616887178958254,13.543228149414062,9.102554321289062,1.487849235534668,0.7594390746535848,0.9621933963067844,13.601551055908203,9.127032279968262,1.4902490377426147,0.7590541494653098,0.9619944193411676,0.09131591767072678,0.014764292165637016,6.1849164962768555,0.759438997556803,0.9621933902513949,366470332416.0,58980753408.0,6.213388919830322,0.7514521978990548,0.9616887178958254,358.223876953125,57.918949127197266,6.1849164962768555,0.7594390746535848,0.9621933963067844,357.88299560546875,57.863094329833984,6.184995651245117,0.7590541494653098,0.9619944193411676,363780710072320.0,1671646.5,363777690173440.0,842258.5625,-363779200122880.0,-842076.0,0.0007823671912774444
2,0,1,16,0.05866366997361183,0.04872482642531395,1.2039790153503418,0.8246370350481178,0.9205085621771157,484766154752.0,432579706880.0,1.1206400394439697,0.7640791205199399,0.845696073011734,288.7173767089844,239.93707275390625,1.2033045291900635,0.8155627639326897,0.9093264088305104,1370.6014404296875,1245.2984619140625,1.1006207466125488,0.6024467370595596,0.6600328571276313,0.7379872798919678,0.1074899435043335,6.865640163421631,0.8246370350481178,0.9205085621771157,3141632000000.0,661386821632.0,4.750067234039307,0.7640791205199399,0.845696073011734,3184.1396484375,488.05096435546875,6.524195194244385,0.8155627639326897,0.9093264088305104,4031.5703125,1456.236328125,2.768486261367798,0.6024467370595596,0.6600328571276313,1.732765363994624e+16,71632000.0,1.7327558076923904e+16,-73077216.0,-1.7327609616531456e+16,34299128.0,0.0015112176770344377
2,1,17,32,0.006849372293800116,0.005570012144744396,1.2296870946884155,0.8741404761990751,0.9800166059445492,24381091840.0,20600264704.0,1.183532953262329,0.8759408468326247,0.9798628856908713,27.25762367248535,22.16615104675293,1.2296957969665527,0.874120823282136,0.980012966999273,30.01580047607422,23.62678337097168,1.2704142332077026,0.8697309205124685,0.9779179873935837,0.34275320172309875,0.035081081092357635,9.77031421661377,0.8741404761990751,0.9800166059445492,1210754007040.0,126912487424.0,9.540069580078125,0.8759408468326247,0.9798628856908713,1363.765380859375,139.60336303710938,9.768857955932617,0.874120823282136,0.980012966999273,1359.287353515625,139.38218688964844,9.75223159790039,0.8697309205124685,0.9779179873935837,824663450058752.0,21954812.0,824659020873728.0,-161099.125,-824661302575104.0,161222.40625,0.00035812161513604224
2,2,33,48,0.0059079742059111595,0.004788591060787439,1.2337604761123657,0.874474978520305,0.9802694555731932,22050525184.0,17600479232.0,1.2528365850448608,0.8706688345998234,0.9795205989542407,23.362451553344727,18.936044692993164,1.2337555885314941,0.874473490507838,0.9802692208909847,24.693660736083984,19.648530960083008,1.256768822669983,0.8720577337337438,0.9791080990706952,0.2994329035282135,0.03046484664082527,9.828801155090332,0.874474978520305,0.9802694555731932,1076717289472.0,111150252032.0,9.687043190002441,0.8706688345998234,0.9795205989542407,1184.061279296875,120.4704360961914,9.828645706176758,0.874473490507838,0.9802692208909847,1181.972900390625,120.32785034179688,9.82293701171875,0.8720577337337438,0.9791080990706952,704551334182912.0,19657330.0,704547374759936.0,-2316629.0,-704549186699264.0,2316204.5,0.00035381692578084767
2,3,49,64,0.005756392143666744,0.004665926098823547,1.233708381652832,0.8745646102741989,0.9802872957250565,21174571008.0,17416585216.0,1.2157704830169678,0.8766324100352143,0.9805835288511879,22.70562744140625,18.404399871826172,1.2337064743041992,0.8745642447179944,0.980287248118723,23.611299514770508,18.890169143676758,1.2499252557754517,0.8728835161750734,0.9794728758336926,0.29201433062553406,0.029690105468034744,9.835409164428711,0.8745646102741989,0.9802872957250565,1090546827264.0,110660796416.0,9.85486125946045,0.8766324100352143,0.9805835288511879,1151.8243408203125,117.11048126220703,9.835365295410156,0.8745642447179944,0.980287248118723,1150.248779296875,116.97946166992188,9.83291244506836,0.8728835161750734,0.9794728758336926,697183921766400.0,15721564.0,697180096561152.0,-820218.375,-697181908500480.0,820629.6875,0.0003922323230654001
2,4,65,80,0.005730629898607731,0.004642513580620289,1.234380841255188,0.8744880120219175,0.980270374133107,21275441152.0,16968017920.0,1.2538553476333618,0.8694155379665649,0.9789127134678944,22.572772979736328,18.286739349365234,1.2343792915344238,0.8744879383511956,0.980270359284951,23.271930694580078,18.658843994140625,1.247233271598816,0.8731625910303252,0.9796343378039221,0.2904581129550934,0.029533814638853073,9.83476448059082,0.8744880120219175,0.980270374133107,1008922656768.0,105075621888.0,9.601872444152832,0.8694155379665649,0.9789127134678944,1144.1046142578125,116.3329086303711,9.834746360778809,0.8744879383511956,0.980270359284951,1142.704345703125,116.20733642578125,9.83332347869873,0.8731625910303252,0.9796343378039221,679227938570240.0,11104421.0,679224046256128.0,-1677846.5,-679225992413184.0,1677579.25,0.0004697602998930961
2,5,81,96,0.005729031749069691,0.004638347774744034,1.2351449728012085,0.8744698148348816,0.9802908752986341,21028200448.0,17237829632.0,1.2198867797851562,0.8760465450483262,0.9804459377945771,22.546707153320312,18.254329681396484,1.2351429462432861,0.8744699477968244,0.9802908919498454,23.110557556152344,18.556013107299805,1.2454484701156616,0.8734063436252824,0.9797751930510695,0.2906791567802429,0.029542289674282074,9.839426040649414,0.8744698148348816,0.9802908752986341,1075387826176.0,109270827008.0,9.841490745544434,0.8760465450483262,0.9804459377945771,1143.9739990234375,116.26437377929688,9.839420318603516,0.8744699477968244,0.9802908919498454,1142.6837158203125,116.14813232421875,9.83815860748291,0.8734063436252824,0.9797751930510695,690028237815808.0,7857079.0,690024077066240.0,2264987.0,-690026157441024.0,-2264794.5,0.0005385223776102066
2,6,97,112,0.005722326692193747,0.004639192018657923,1.233474850654602,0.8745915401036085,0.9802904266497515,20905994240.0,17458268160.0,1.1974838972091675,0.8792112086239334,0.9811479065824268,22.5067138671875,18.24660301208496,1.2334741353988647,0.8745915520257032,0.980290424273004,22.981361389160156,18.499191284179688,1.2422900199890137,0.8736818827073309,0.9798509479605785,0.2903323471546173,0.029518339782953262,9.83565902709961,0.8745915401036085,0.9802904266497515,1108948156416.0,111858286592.0,9.91386604309082,0.8792112086239334,0.9811479065824268,1141.917724609375,116.09982299804688,9.835654258728027,0.8745915520257032,0.980290424273004,1140.56787109375,115.97483825683594,9.834614753723145,0.8736818827073309,0.9798509479605785,698854462717952.0,6034952.0,698850301968384.0,2711628.5,-698852449452032.0,-2711125.0,0.0006067350041121244
2,7,113,128,0.005723889451473951,0.004637579433619976,1.2342407703399658,0.8744843871077865,0.980272598356415,21396082688.0,17551308800.0,1.2190591096878052,0.8757072968365103,0.9802468005556675,22.502883911132812,18.232181549072266,1.2342398166656494,0.8744844475724872,0.9802725948668448,22.91455078125,18.44896125793457,1.2420510053634644,0.8736880826561269,0.9798918666694804,0.29014918208122253,0.029506603255867958,9.833364486694336,0.8744843871077865,0.980272598356415,1083170488320.0,110437777408.0,9.80797004699707,0.8757072968365103,0.9802468005556675,1140.6915283203125,116.00218963623047,9.833361625671387,0.8744844475724872,0.9802725948668448,1139.5662841796875,115.88961029052734,9.833205223083496,0.8736880826561269,0.9798918666694804,702581487697920.0,5372271.0,702577125621760.0,465919.3125,-702579474432000.0,-465964.78125,0.000633013725746423
2,8,129,144,0.005722874775528908,0.004637527745217085,1.234035611152649,0.8744661942163922,0.9802621066984921,21422815232.0,17581778944.0,1.218466877937317,0.8779325123750895,0.9811430124416369,22.491262435913086,18.225788116455078,1.2340351343154907,0.8744661331166951,0.9802621020462885,22.8530216217041,18.417179107666016,1.2408535480499268,0.8737696798113932,0.9799249234579341,0.28994354605674744,0.029494866728782654,9.830305099487305,0.8744661942163922,0.9802621066984921,1136067739648.0,113812643840.0,9.981911659240723,0.8779325123750895,0.9811430124416369,1139.496337890625,115.91678619384766,9.830296516418457,0.8744661331166951,0.9802621020462885,1138.3778076171875,115.80561065673828,9.83007526397705,0.8737696798113932,0.9799249234579341,703799446470656.0,4995926.0,703794748850176.0,-258723.015625,-703797030551552.0,258454.15625,0.0006513411062769592
2,9,145,160,0.005720995832234621,0.004638417158275843,1.2333940267562866,0.8745323609202111,0.9802691853537387,21261754368.0,17813067776.0,1.1936042308807373,0.8777627746586526,0.9806191002942363,22.477861404418945,18.22439956665039,1.2333937883377075,0.8745323730014712,0.9802691891561603,22.799936294555664,18.394628524780273,1.2394888401031494,0.873910148854523,0.9799667697026276,0.2899523377418518,0.02949555031955242,9.830375671386719,0.8745323609202111,0.9802691853537387,1097046818816.0,112348766208.0,9.764654159545898,0.8777627746586526,0.9806191002942363,1139.2264404296875,115.88839721679688,9.830374717712402,0.8745323730014712,0.9802691891561603,1138.1058349609375,115.77644348144531,9.83020305633545,0.873910148854523,0.9799667697026276,713055839191040.0,4236775.5,713051208679424.0,172400.375,-713053490380800.0,-172398.15625,0.0007187770679593086
2,10,161,176,0.00572308199480176,0.004638575483113527,1.2338017225265503,0.874520565968086,0.9802720499675011,21550209024.0,17657116672.0,1.2204829454421997,0.8785570808775455,0.9814583743781117,22.48118019104004,18.2210693359375,1.2338013648986816,0.8745205779988462,0.9802720489912776,22.770841598510742,18.373077392578125,1.2393591403961182,0.8739570310567801,0.9799976136827159,0.29010018706321716,0.029503613710403442,9.832700729370117,0.874520565968086,0.9802720499675011,1162261037056.0,115649609728.0,10.049848556518555,0.8785570808775455,0.9814583743781117,1139.559814453125,115.89491271972656,9.832698822021484,0.8745205779988462,0.9802720489912776,1138.40625,115.77604675292969,9.832830429077148,0.8739570310567801,0.9799976136827159,706815117492224.0,3796407.5,706810218545152.0,-2303332.0,-706812634464256.0,2303335.25,0.0007311890949495137
2,11,177,192,0.005726504139602184,0.004638381768018007,1.234591007232666,0.8744099395392362,0.9802517083875689,22107727872.0,17652348928.0,1.2523958683013916,0.872901134570507,0.9801331599372435,22.490596771240234,18.217042922973633,1.234591007232666,0.8744099029874254,0.9802517106637114,22.754987716674805,18.354705810546875,1.2397358417510986,0.8738873466528844,0.9799999571505499,0.2899746596813202,0.02949797734618187,9.830324172973633,0.8744099395392362,0.9802517083875689,1112795381760.0,112931561472.0,9.853713989257812,0.872901134570507,0.9801331599372435,1138.863037109375,115.85206604003906,9.830321311950684,0.8744099029874254,0.9802517106637114,1137.7469482421875,115.73778533935547,9.830384254455566,0.8738873466528844,0.9799999571505499,706625132298240.0,3817762.0,706620300460032.0,-384976.96875,-706622716379136.0,384809.625,0.0007578479708172381
2,12,193,208,0.005721520632505417,0.004637585487216711,1.2337284088134766,0.8746516764441274,0.9803222874857939,22299332608.0,18061580288.0,1.2346279621124268,0.8739184814525169,0.9800006998797905,22.467668533325195,18.21118927001953,1.2337287664413452,0.8746517251275906,0.980322288432555,22.711843490600586,18.336902618408203,1.238586664199829,0.8741526942080979,0.9800867869835278,0.29076147079467773,0.02954172156751156,9.842400550842285,0.8746516764441274,0.9803222874857939,1115005648896.0,113865564160.0,9.792299270629883,0.8739184814525169,0.9800006998797905,1141.7825927734375,116.00643920898438,9.8424072265625,0.8746517251275906,0.980322288432555,1140.5413818359375,115.88536071777344,9.84197998046875,0.8741526942080979,0.9800867869835278,723004325625856.0,3482134.75,722999225352192.0,380113.25,-723001909706752.0,-380230.4375,0.000768511847127229
2,13,209,224,0.005724512040615082,0.004637471400201321,1.2344037294387817,0.8744819237700162,0.9802743102962251,23466426368.0,17897308160.0,1.3111708164215088,0.8674992865928707,0.9795222627160741,22.476516723632812,18.208410263061523,1.2344030141830444,0.8744819599840422,0.980274317790378,22.70289421081543,18.32445526123047,1.238939642906189,0.8740192683875753,0.9800550673179421,0.2902059257030487,0.029509058222174644,9.83446979522705,0.8744819237700162,0.9802743102962251,1145948209152.0,115804102656.0,9.895575523376465,0.8674992865928707,0.9795222627160741,1139.4544677734375,115.86336517333984,9.834466934204102,0.8744819599840422,0.980274317790378,1138.27880859375,115.74510192871094,9.834358215332031,0.8740192683875753,0.9800550673179421,716433562533888.0,3454058.0,716428462260224.0,1619902.25,-716431012397056.0,-1619739.25,0.0008059174870140851
2,14,225,240,0.005722993053495884,0.004636690020561218,1.2342841625213623,0.874510351745853,0.9802811867395266,22078638080.0,17865179136.0,1.2358475923538208,0.8771821844808937,0.9810128078886171,22.468082427978516,18.203330993652344,1.2342841625213623,0.8745103395783692,0.9802811917161061,22.6765079498291,18.311010360717773,1.2384083271026611,0.8740895708061498,0.9800774704683918,0.2902300953865051,0.02950768731534481,9.835744857788086,0.874510351745853,0.9802811867395266,1162817437696.0,115560120320.0,10.062445640563965,0.8771821844808937,0.9810128078886171,1139.4239501953125,115.84522247314453,9.83574390411377,0.8745103395783692,0.9802811917161061,1138.234375,115.72563171386719,9.8356294631958,0.8740895708061498,0.9800774704683918,715145340780544.0,3587258.5,715140173398016.0,-480800.8125,-715142723534848.0,480809.3125,0.0007610033499076962
2,15,241,256,0.005723701789975166,0.004637633450329304,1.234185814857483,0.8744810771249214,0.9802687357850145,22250024960.0,18034892800.0,1.2337208986282349,0.8716256396017572,0.9793214486795474,22.468713760375977,18.205291748046875,1.2341859340667725,0.8744810771752519,0.9802687301656811,22.66455841064453,18.305320739746094,1.2381404638290405,0.8740749250119423,0.9800764177203373,0.2900828719139099,0.02950194850564003,9.832667350769043,0.8744810771249214,0.9802687357850145,1075995344896.0,111962292224.0,9.610337257385254,0.8716256396017572,0.9793214486795474,1138.736328125,115.81153106689453,9.83266830444336,0.8744810771752519,0.9802687301656811,1137.574462890625,115.69701385498047,9.832358360290527,0.8740749250119423,0.9800764177203373,721938167103488.0,3333117.0,721932932612096.0,-689900.4375,-721935482748928.0,689401.875,0.0008155955001711845
2,16,257,272,0.005722437985241413,0.004637924488633871,1.2338359355926514,0.8745707723126898,0.9802988039576991,22298970112.0,18145507328.0,1.2288975715637207,0.8751477699562472,0.9802393609993473,22.461854934692383,18.20490074157715,1.2338355779647827,0.8745708694692805,0.9802988124496783,22.646484375,18.29909896850586,1.2375737428665161,0.8741910872282089,0.9801176010886878,0.2904614508152008,0.029527712613344193,9.836909294128418,0.8745707723126898,0.9802988039576991,1128453898240.0,114647465984.0,9.842816352844238,0.8751477699562472,0.9802393609993473,1140.126953125,115.90290832519531,9.8369140625,0.8745708694692805,0.9802988124496783,1139.021728515625,115.79034423828125,9.836932182312012,0.8741910872282089,0.9801176010886878,726363594031104.0,3241516.5,726358158213120.0,-1968374.25,-726360775458816.0,1968612.25,0.0008078605169430375
2,17,273,288,0.005727025214582682,0.004637482110410929,1.23494291305542,0.8744574116169781,0.9802788123753489,21948690432.0,18093125632.0,1.2130955457687378,0.8783211883099757,0.9813188306287108,22.478191375732422,18.201807022094727,1.23494291305542,0.8744574237882319,0.9802788123602771,22.65094757080078,18.29003143310547,1.2384313344955444,0.8741023685255285,0.9801077048480167,0.29039961099624634,0.029521621763706207,9.836844444274902,0.8744574116169781,0.9802788123753489,1174909878272.0,117848612864.0,9.969653129577637,0.8783211883099757,0.9813188306287108,1139.799072265625,115.87039184570312,9.836845397949219,0.8744574237882319,0.9802788123602771,1138.679443359375,115.7569580078125,9.836812019348145,0.8741023685255285,0.9801077048480167,724261140430848.0,2856219.5,724255570395136.0,-1669646.375,-724258321858560.0,1669531.75,0.0008567300392314792
2,18,289,304,0.005730148870497942,0.004638406913727522,1.2353700399398804,0.8743959194992434,0.9802695361303447,22868688896.0,18267131904.0,1.2519036531448364,0.8747698410139331,0.9808275553854994,22.488954544067383,18.204225540161133,1.2353700399398804,0.8743959438571764,0.9802695447070073,22.65067481994629,18.2873477935791,1.238598108291626,0.8740691888040665,0.9801080040903336,0.29042139649391174,0.029528087005019188,9.835429191589355,0.8743959194992434,0.9802695361303447,1192789409792.0,119316848640.0,9.996822357177734,0.8747698410139331,0.9808275553854994,1139.8092041015625,115.88806915283203,9.835431098937988,0.8743959438571764,0.9802695447070073,1138.682861328125,115.77222442626953,9.83554458618164,0.8740691888040665,0.9801080040903336,731236368646144.0,3291140.25,731230865719296.0,265965.1875,-731233550073856.0,-266226.0625,0.0007965449476614594
2,19,305,320,0.005722135305404663,0.004639226943254471,1.2334243059158325,0.8745424497947323,0.9802790754810701,22799527936.0,18269493248.0,1.2479562759399414,0.8732462566499422,0.9798414595938221,22.456161499023438,18.206361770629883,1.2334238290786743,0.8745424374474547,0.9802790745316865,22.608386993408203,18.28476333618164,1.236460566520691,0.8742322628665207,0.9801241750060365,0.2901555299758911,0.029513122513890266,9.83140754699707,0.8745424497947323,0.9802790754810701,1131010850816.0,114875703296.0,9.845518112182617,0.8732462566499422,0.9798414595938221,1138.6971435546875,115.82244873046875,9.831402778625488,0.8745424374474547,0.9802790745316865,1137.481689453125,115.70001220703125,9.83130168914795,0.8742322628665207,0.9801241750060365,731327972245504.0,3342418.5,731322267992064.0,-995187.375,-731325153673216.0,995163.4375,0.0007865300285629928
2,20,321,336,0.0057239290326833725,0.0046381037682294846,1.2341097593307495,0.8744992316573652,0.9802739511505438,22019698688.0,18204047360.0,1.2096046209335327,0.8778002413044739,0.9807283364812863,22.461999893188477,18.200977325439453,1.2341095209121704,0.8744992680743071,0.9802739536175751,22.60932159423828,18.274898529052734,1.2371790409088135,0.8741864472086929,0.9801245670186318,0.2901710867881775,0.029508473351597786,9.833483695983887,0.8744992316573652,0.9802739511505438,1142594600960.0,115430096896.0,9.898584365844727,0.8778002413044739,0.9807283364812863,1138.697509765625,115.79795837402344,9.833484649658203,0.8744992680743071,0.9802739536175751,1137.5511474609375,115.6820068359375,9.8334321975708,0.8741864472086929,0.9801245670186318,728705559166976.0,3294213.5,728700056240128.0,-976041.1875,-728702874812416.0,976025.375,0.0007825691718608141
2,21,337,352,0.005725339520722628,0.004638617392629385,1.2342771291732788,0.8744646674970808,0.9802670980319228,21787453440.0,18031155200.0,1.2083226442337036,0.8781035761320788,0.9808537459402416,22.466449737548828,18.20210838317871,1.2342772483825684,0.8744645579612067,0.980267079985993,22.605472564697266,18.271745681762695,1.2371819019317627,0.8741672528544402,0.9801239919864445,0.2901417911052704,0.029509618878364563,9.832109451293945,0.8744646674970808,0.9802670980319228,1137948622848.0,114797043712.0,9.912699699401855,0.8781035761320788,0.9808537459402416,1138.5263671875,115.79683685302734,9.832101821899414,0.8744645579612067,0.980267079985993,1137.3245849609375,115.67634582519531,9.831954956054688,0.8741672528544402,0.9801239919864445,721793211957248.0,4068916.0,721787507703808.0,-20185.375,-721790393384960.0,19954.625,0.0007443458307534456
2,22,353,368,0.005728134885430336,0.004638803657144308,1.2348301410675049,0.8744566193301474,0.9802784399652038,22517706752.0,18417106944.0,1.222651720046997,0.8734117012221975,0.9794233831048968,22.476402282714844,18.202024459838867,1.2348297834396362,0.8744566069995661,0.9802784472958184,22.609920501708984,18.268869400024414,1.2376201152801514,0.8741702582549971,0.9801397964414705,0.29045039415359497,0.029529668390750885,9.835884094238281,0.8744566193301474,0.9802784399652038,1094334742528.0,113302896640.0,9.658489227294922,0.8734117012221975,0.9794233831048968,1139.687255859375,115.8703842163086,9.835880279541016,0.8744566069995661,0.9802784472958184,1138.45361328125,115.7474136352539,9.835672378540039,0.8741702582549971,0.9801397964414705,737243014627328.0,4136814.25,737237176156160.0,-2390445.25,-737240061837312.0,2389832.0,0.0007497085025534034
2,23,369,384,0.005724930204451084,0.0046373698860406876,1.2345210313796997,0.8745094606798823,0.9802922013518278,23494221824.0,18288359424.0,1.2846543788909912,0.8684431692996437,0.9790650656352979,22.462923049926758,18.195661544799805,1.2345209121704102,0.8745094727976492,0.9802922079895395,22.591358184814453,18.259765625,1.2372206449508667,0.8742337493744745,0.9801590414151816,0.29049059748649597,0.029528718441724777,9.837562561035156,0.8745094606798823,0.9802922013518278,1122249605120.0,114925535232.0,9.7650146484375,0.8684431692996437,0.9790650656352979,1139.799072265625,115.8619384765625,9.837562561035156,0.8745094727976492,0.9802922079895395,1138.622314453125,115.74351501464844,9.837461471557617,0.8742337493744745,0.9801590414151816,732081470570496.0,3382627.75,732075632099328.0,-1466793.75,-732078517780480.0,1466297.125,0.0007832709234207869
2,24,385,400,0.005724999587982893,0.0046385363675653934,1.2342255115509033,0.8744774660064358,0.980266319693164,23376934912.0,18473314304.0,1.2654434442520142,0.8715506515429252,0.979746400623148,22.46235466003418,18.199560165405273,1.2342251539230347,0.8744775389010078,0.9802663330698769,22.584863662719727,18.260194778442383,1.2368358373641968,0.8742094665759209,0.9801374074506085,0.2901131212711334,0.02950492687523365,9.832700729370117,0.8744774660064358,0.980266319693164,1154211381248.0,117158690816.0,9.851692199707031,0.8715506515429252,0.979746400623148,1138.2757568359375,115.76426696777344,9.832703590393066,0.8744775389010078,0.9802663330698769,1137.05517578125,115.64249420166016,9.832503318786621,0.8742094665759209,0.9801374074506085,739486531059712.0,3468257.25,739480692588544.0,1225258.375,-739483511160832.0,-1225081.875,0.0007823061314411461
2,25,401,416,0.00572056183591485,0.0046369521878659725,1.2336901426315308,0.8746019933315858,0.9803025772221275,22594828288.0,18451652608.0,1.224542260169983,0.8772503533283801,0.9811525671468702,22.444177627563477,18.192724227905273,1.233689785003662,0.8746020783047858,0.9803025871597169,22.561620712280273,18.250717163085938,1.2362046241760254,0.8743472258047881,0.9801797846047186,0.29042184352874756,0.02951982617378235,9.83819580078125,0.8746019933315858,0.9803025772221275,1198827896832.0,120172003328.0,9.975933074951172,0.8772503533283801,0.9811525671468702,1139.447998046875,115.8187484741211,9.838199615478516,0.8746020783047858,0.9803025871597169,1138.3135986328125,115.70274353027344,9.83825969696045,0.8743472258047881,0.9801797846047186,738620155625472.0,3795329.25,738614115827712.0,137203.5625,-738617068617728.0,-137218.953125,0.0007701379945501685
2,26,417,432,0.005730301141738892,0.004640555940568447,1.2348307371139526,0.8743854430897358,0.9802565801559106,22216216576.0,18550382592.0,1.1976150274276733,0.8771832103526017,0.980405280719298,22.481678009033203,18.206283569335938,1.234830617904663,0.8743854186574672,0.9802565771242254,22.59344482421875,18.261938095092773,1.2371877431869507,0.8741467361989615,0.9801385218597466,0.29023852944374084,0.029524842277169228,9.830315589904785,0.8743854430897358,0.9802565801559106,1133785907200.0,116271030272.0,9.751232147216797,0.8771832103526017,0.980405280719298,1138.6920166015625,115.83477020263672,9.830312728881836,0.8743854186574672,0.9802565771242254,1137.551025390625,115.71769714355469,9.830398559570312,0.8741467361989615,0.9801385218597466,742574209892352.0,3688421.25,742568304312320.0,2049832.0,-742571257102336.0,-2049893.0,0.0007812787080183625
2,27,433,448,0.005725077353417873,0.004639089573174715,1.2340950965881348,0.8744794195203311,0.9802664976151028,22040031232.0,18614042624.0,1.1840540170669556,0.8772616091901754,0.9802640982008217,22.46053695678711,18.20000457763672,1.2340950965881348,0.8744793829942804,0.980266488795563,22.571006774902344,18.252910614013672,1.2365703582763672,0.874232429041273,0.9801500629201836,0.2901196777820587,0.029508253559470177,9.831814765930176,0.8744794195203311,0.9802664976151028,1116748120064.0,115761496064.0,9.646973609924316,0.8772616091901754,0.9802640982008217,1138.192626953125,115.76631927490234,9.831811904907227,0.8744793829942804,0.980266488795563,1137.08203125,115.64893341064453,9.83218765258789,0.874232429041273,0.9801500629201836,745119246450688.0,3701577.75,745113072435200.0,1869301.75,-745116226551808.0,-1869214.125,0.000796059612184763
2,28,449,464,0.005722493398934603,0.00463675893843174,1.2341580390930176,0.8745121267945735,0.9802814808368953,22744872960.0,18549374976.0,1.2261799573898315,0.8765366981154542,0.9805019142645228,22.449790954589844,18.19036293029785,1.2341585159301758,0.874512066141892,0.9802814750797066,22.556278228759766,18.241544723510742,1.2365334033966064,0.8742740280885133,0.9801692918669438,0.2902090847492218,0.02950814925134182,9.834878921508789,0.8745121267945735,0.9802814808368953,1166518255616.0,117456011264.0,9.931533813476562,0.8765366981154542,0.9805019142645228,1138.5126953125,115.76277160644531,9.834877967834473,0.874512066141892,0.9802814750797066,1137.44189453125,115.65072631835938,9.8351469039917,0.8742740280885133,0.9801692918669438,742535957839872.0,3210954.0,742529783824384.0,251648.203125,-742532937940992.0,-251813.859375,0.0007908076513558626
2,29,465,480,0.005717840511351824,0.004638089332729578,1.232800841331482,0.8746159481937925,0.9802816625878612,24439595008.0,18577842176.0,1.3155238628387451,0.865463414638904,0.9789392375108404,22.430965423583984,18.19512367248535,1.2328009605407715,0.8746159725542954,0.9802816634177361,22.530990600585938,18.244029998779297,1.2349787950515747,0.8743974571425661,0.9801742064934904,0.2899757921695709,0.029492467641830444,9.832198143005371,0.8746159481937925,0.9802816625878612,1160432582656.0,118675644416.0,9.778186798095703,0.865463414638904,0.9789392375108404,1137.56884765625,115.69828796386719,9.83220100402832,0.8746159725542954,0.9802816634177361,1136.4483642578125,115.58158874511719,9.83243465423584,0.8743974571425661,0.9801742064934904,743670030532608.0,3244596.25,743663789408256.0,2226893.75,-743666943524864.0,-2226689.5,0.0008066797163337469
2,30,481,488,0.003446856513619423,0.0023190979845821857,1.4862918853759766,0.7596955414717891,0.9622105997711868,14253016064.0,9331109888.0,1.527472734451294,0.7537644528770696,0.9620364561668133,13.521702766418457,9.097607612609863,1.4862922430038452,0.7596954095449233,0.9622105879084397,13.578862190246582,9.121554374694824,1.4886565208435059,0.7593125950587344,0.9620120612935131,0.09121225774288177,0.01474724616855383,6.185036659240723,0.7596955414717891,0.9622105997711868,375439556608.0,60522561536.0,6.203299045562744,0.7537644528770696,0.9620364561668133,357.8172302246094,57.85209655761719,6.18503475189209,0.7596954095449233,0.9622105879084397,357.4519348144531,57.79316711425781,6.185020446777344,0.7593125950587344,0.9620120612935131,373376002555904.0,1758360.5,373372848439296.0,-135375.5,-373374459052032.0,135338.421875,0.000765059667173773
