algorithm,window_index,start_step,end_step,num_seeds,mean_p_relative_change_mean,mean_p_relative_change_std,C_00_mean,C_00_std,C_10_mean,C_10_std,C_01_mean,C_01_std,C_11_mean,C_11_std,C_BC_mean,C_BC_std,C_real_mean,C_real_std,C_dynamic_clean_p_mean,C_dynamic_clean_p_std,gap_mean,gap_std,E_cross_mean,E_cross_std,E_square_mean,E_square_std,interaction_mean,interaction_std,R_BC_mean,R_BC_std,nonpositive_v_fraction_00_mean,nonpositive_v_fraction_00_std,nonpositive_v_fraction_10_mean,nonpositive_v_fraction_10_std,nonpositive_v_fraction_01_mean,nonpositive_v_fraction_01_std,nonpositive_v_fraction_11_mean,nonpositive_v_fraction_11_std,nonpositive_v_fraction_BC_mean,nonpositive_v_fraction_BC_std,corrected_v_nonpositive_fraction_mean,corrected_v_nonpositive_fraction_std,floor_activation_fraction_mean,floor_activation_fraction_std,mean_window_p_bc_median,std_window_p_bc_median,mean_window_p_bc_q99,std_window_p_bc_q99,mean_window_p_bc_q99_9,std_window_p_bc_q99_9,p_bc_max,raw_optimizer_update_l2_mean,raw_optimizer_update_l2_std,raw_optimizer_update_l2_min,raw_optimizer_update_l2_max,applied_parameter_update_l2_mean,applied_parameter_update_l2_std,applied_parameter_update_l2_min,applied_parameter_update_l2_max,parameter_l2_mean,parameter_l2_std,parameter_l2_min,parameter_l2_max
baseline,0,1,16,3,0.08656460791826248,0.000549907447245153,1.1407951911290486,0.027208999976735523,1.4750243822733562,0.008825063050327297,7.770896911621094,0.09363151307741853,7.766318162282308,0.09365654397172159,8.458584467569986,0.09111822471533502,7.766318162282308,0.09365654397172159,1.1407951911290486,0.027208999976735523,6.625522971153259,0.10752824818421527,0.16482522090276083,0.016635797252789315,6.460697750250499,0.09543000841509151,-0.33880794048309326,0.03187556808067972,-0.10450605874127494,0.00202229387965118,0.0,0.0,0.49858421087265015,0.00015996157718687061,0.0,0.0,0.0,0.0,0.5917720794677734,0.00020428875290238666,0.5917720794677734,0.00020428875290238666,0.9411291281382242,4.4497226030626525e-05,62.43670654296875,0.0,62.43670654296875,0.0,62.43670654296875,0.0,62.43670654296875,639.1400756835938,535.7157209223107,281.33612060546875,2345.387451171875,3.195704778035482,2.6785164789635885,1.406775951385498,11.726943016052246,218.21589152018228,0.1198021655863605,217.7362518310547,218.3217315673828
baseline,1,17,32,3,0.006571630326410134,0.00040628331570944357,1.2751971085866292,0.023705338065937533,1.5337676207224529,0.005931766668740187,13.46005948384603,0.057221918582843964,13.460055351257324,0.057225231575614086,13.50047747294108,0.05644566528560751,13.460055351257324,0.057225231575614086,1.2751971085866292,0.023705338065937533,12.184858242670694,0.040731493406507294,0.12928318977355957,0.00977867421368215,12.055575052897135,0.045276140535593964,-0.258574644724528,0.019557719295091983,-0.003317529320025677,8.534556898525461e-05,0.0,0.0,0.49734650055567425,0.00023969308929199786,0.0,0.0,0.0,0.0,0.5478903651237488,0.0001150396821091377,0.5478903651237488,0.0001150396821091377,0.9928130904833475,2.6429423593441736e-05,62.43670654296875,0.0,62.43670654296875,0.0,62.43670654296875,0.0,62.43670654296875,246.5308634440104,13.095262699243179,230.59829711914062,274.2326965332031,1.2327390511830647,0.0654792072423995,1.1530694961547852,1.3712533712387085,218.10758463541666,0.03649067304769466,218.0172119140625,218.20278930664062
baseline,2,33,48,3,0.0034408201463520527,0.00028124314193605235,1.2897276083628337,0.03015172498252713,1.4544764757156372,0.008244110901156022,13.877474466959635,0.1541835102956986,13.87746779123942,0.15418616103450244,13.900912602742514,0.15354508885294652,13.87746779123942,0.15418616103450244,1.2897276083628337,0.03015172498252713,12.587740182876587,0.1486556394759886,0.08237109581629436,0.017716158461957444,12.505369087060293,0.14778907038434888,-0.1647555430730184,0.035430635834210834,-0.0018632301821951784,0.000125026495038877,0.0,0.0,0.4967578152815501,0.00041784388624999173,0.0,0.0,0.0,0.0,0.5369847416877747,0.00017722515759494253,0.5369847416877747,0.00017722515759494253,0.9990302920341492,3.939321432556702e-06,62.43670654296875,0.0,62.43670654296875,0.0,62.43670654296875,0.0,62.43670654296875,224.9886678059896,2.3500721660392903,221.85821533203125,229.701416015625,1.1250176827112834,0.011753362118112986,1.1093660593032837,1.1485865116119385,217.9364471435547,0.05128863062632721,217.8537139892578,218.01925659179688
baseline,3,49,64,3,0.0024757124095534286,0.0005029339314237189,1.280969262123108,0.015963333693791392,1.4036967754364014,0.011750037183985762,13.549893379211426,0.29660231032128187,13.549885114034018,0.29660468743109925,13.570139567057291,0.2962561665351216,13.549885114034018,0.29660468743109925,1.280969262123108,0.015963333693791392,12.26891585191091,0.287640048047882,0.0613596240679423,0.012962342048654403,12.207556227842966,0.2913156956476203,-0.12273577849070232,0.025926770145132273,-0.0016520446180883959,0.00021983470117428549,0.0,0.0,0.4962545136610667,0.0003657024756959137,0.0,0.0,0.0,0.0,0.5313547650973002,0.00018073241261728232,0.5313547650973002,0.00018073241261728232,0.9998551607131958,2.3684878929025564e-06,62.43670654296875,0.0,62.43670654296875,0.0,62.43670654296875,0.0,62.43670654296875,220.52489217122397,0.5955313713680385,219.6062774658203,221.71376037597656,1.1026960611343384,0.0030054200697898132,1.0980920791625977,1.1086446046829224,217.77547200520834,0.09556258128584116,217.6966552734375,217.85678100585938
baseline,4,65,80,3,0.0018421499601875742,0.00037414156185064347,1.282734990119934,0.023690174223212547,1.3716031710306804,0.004802134973281741,12.95005989074707,0.31985904369864065,12.950054168701172,0.31986189532117426,12.970548629760742,0.3176506224269684,12.950054168701172,0.31986189532117426,1.282734990119934,0.023690174223212547,11.667319178581238,0.2963090151257983,0.04443122943242391,0.010749142618368878,11.622887949148813,0.3070268288209286,-0.0888739029566447,0.02150400721324654,-0.0017605657971437871,0.00026581843113260544,0.0,0.0,0.49593162536621094,0.00033429526990493366,0.0,0.0,0.0,0.0,0.5277204712231954,9.454013192792561e-05,0.5277204712231954,9.454013192792561e-05,0.9999795953432719,1.3076847928289042e-06,62.43670654296875,0.0,62.43670654296875,0.0,62.43670654296875,0.0,62.43670654296875,219.13645935058594,0.27438827990688225,218.68917846679688,219.6459197998047,1.0957526365915935,0.0014189959596675058,1.0935187339782715,1.0983026027679443,217.61841328938803,0.05127431046826264,217.54055786132812,217.6978302001953
baseline,5,81,96,3,0.0012258470136051376,0.0001213557474407297,1.301251769065857,0.019529537637087088,1.3557615677515666,0.002005866722718642,12.318821589152018,0.5540593087990077,12.318819363911947,0.5540600064540687,12.338672955830893,0.5532251609844715,12.318819363911947,0.5540600064540687,1.301251769065857,0.019529537637087088,11.01756759484609,0.5539979091985624,0.02725378672281901,0.010664444401976088,10.99031380812327,0.553482084910398,-0.05451202392578125,0.021327153507152467,-0.0018077642262090225,0.00018120148114545733,0.0,0.0,0.49573150277137756,0.00020853669275679127,0.0,0.0,0.0,0.0,0.5251763264338175,0.0002141069970899869,0.5251763264338175,0.0002141069970899869,0.9999966422716776,4.311906181615731e-07,62.43670654296875,0.0,62.43670654296875,0.0,62.43670654296875,0.0,62.43670654296875,218.51265462239584,0.13078928813551488,218.26171875,218.80792236328125,1.0926337242126465,0.0005314617835933678,1.0913752317428589,1.0941110849380493,217.4626007080078,0.07237201824666549,217.3845672607422,217.5415802001953
baseline,6,97,112,3,0.0010045197171469529,9.185842345123488e-05,1.2933777173360188,0.02248169331622933,1.3462957938512166,0.003057488023195135,12.00741449991862,0.35202747353984815,12.007413228352865,0.35202875963961683,12.027375857035318,0.35031722294739437,12.007413228352865,0.35202875963961683,1.2933777173360188,0.02248169331622933,10.714035511016846,0.37236500301274994,0.02645840247472127,0.012230044991461202,10.687577108542124,0.3608078482936446,-0.052919348080952965,0.024458152412581435,-0.001868337030780524,0.0002222937340537508,0.0,0.0,0.49554869532585144,0.0001653547474676936,0.0,0.0,0.0,0.0,0.523206909497579,0.00029758030840891465,0.523206909497579,0.00029758030840891465,0.9999993840853373,2.753020616481904e-07,62.43670654296875,0.0,62.43670654296875,0.0,62.43670654296875,0.0,62.43670654296875,218.1357625325521,0.12298909456925346,217.91290283203125,218.39932250976562,1.090747872988383,0.0005461188357282535,1.089626669883728,1.0920644998550415,217.30745951334634,0.07235027975798604,217.23196411132812,217.38690185546875
baseline,7,113,128,3,0.0008620102307759225,7.230518623227173e-05,1.2527305285135906,0.06184405019972594,1.3393316666285198,0.0002526886690059139,11.435056686401367,0.23537177378013047,11.435055096944174,0.23536902361016693,11.453369140625,0.2349219735266882,11.435055096944174,0.23536902361016693,1.2527305285135906,0.06184405019972594,10.182324568430582,0.19424469770776745,0.04329977432886759,0.031040753494424887,10.139024794101715,0.21367606081977117,-0.08660272757212321,0.06207727214912949,-0.0017996458588379987,8.23070643218875e-05,0.0,0.0,0.4953930576642354,0.00021488647557327327,0.0,0.0,0.0,0.0,0.5216367840766907,0.00036624577797837304,0.5216367840766907,0.00036624577797837304,0.9999999205271403,9.104759881806055e-08,62.43670654296875,0.0,62.43670654296875,0.0,62.43670654296875,0.0,62.43670654296875,217.86170959472656,0.1106689072499377,217.66786193847656,218.08416748046875,1.089377482732137,0.000501396628937011,1.088410496711731,1.0904872417449951,217.15283711751303,0.036401728119618254,217.07583618164062,217.2317352294922
baseline,8,129,144,3,0.0007641081659433743,5.069181304823083e-05,1.2915397882461548,0.02891677365690814,1.3349494536717732,0.00087252096196772,10.961386680603027,0.10646675575981612,10.961382865905762,0.10646269091489245,10.977975209554037,0.1068711757312306,10.961382865905762,0.10646269091489245,1.2915397882461548,0.02891677365690814,9.669843077659607,0.11325283639724106,0.021702925364176433,0.01408858333909707,9.648140152295431,0.10926710218447004,-0.04341348012288412,0.028176167979763342,-0.0017155833610832023,7.050545596654413e-05,0.0,0.0,0.4952382246653239,0.0001976234543993907,0.0,0.0,0.0,0.0,0.5204003055890402,0.0003243307005985364,0.5204003055890402,0.0003243307005985364,1.0,0.0,62.43670654296875,0.0,62.43670654296875,0.0,62.43670654296875,0.0,62.43670654296875,217.64385986328125,0.10316610003836764,217.49014282226562,217.82521057128906,1.088289459546407,0.00035346502277846923,1.0875210762023926,1.089195728302002,216.99886067708334,0.0885520338895886,216.9188690185547,217.0787353515625
baseline,9,145,160,3,0.0006648668204434216,2.6142442124296336e-05,1.3283235629399617,0.02188791816086843,1.3314512173334758,0.0005848133933405145,10.563775698343912,0.2765353577810069,10.563774108886719,0.276535867780123,10.579383532206217,0.2765742742894924,10.563774108886719,0.276535867780123,1.3283235629399617,0.02188791816086843,9.235450545946756,0.2944518940742899,0.0015630324681599934,0.011206208354730383,9.233887513478598,0.2852873660428207,-0.003129243850708008,0.02240877809036914,-0.001691221536661569,5.475635219759354e-05,0.0,0.0,0.4950481355190277,0.00016973506595216993,0.0,0.0,0.0,0.0,0.5193815231323242,0.0003093837522722487,0.5193815231323242,0.0003093837522722487,1.0,0.0,62.43670654296875,0.0,62.43670654296875,0.0,62.43670654296875,0.0,62.43670654296875,217.49442545572916,0.08916306895998459,217.32872009277344,217.6448974609375,1.0875424146652222,0.00040285670151399646,1.0867133140563965,1.0882940292358398,216.84278869628906,0.03645423386436939,216.765625,216.9237823486328
baseline,10,161,176,3,0.0006098197579073409,3.119300133868183e-05,1.29503337542216,0.020296726400828396,1.3286609649658203,0.000541342653957402,10.130475362141928,0.3225258486873159,10.130473136901855,0.32252595551498686,10.144453048706055,0.32221954951287335,10.130473136901855,0.32252595551498686,1.29503337542216,0.020296726400828396,8.835439761479696,0.34016523108944896,0.016812682151794434,0.00988074973624376,8.818627079327902,0.331559538954455,-0.033629814783732094,0.019760763451809604,-0.0015846572687743254,0.00011721747527191777,0.0,0.0,0.4948464532693227,0.00022782657676300016,0.0,0.0,0.0,0.0,0.5184698502222697,0.00036870535387524973,0.5184698502222697,0.00036870535387524973,1.0,0.0,62.43670654296875,0.0,62.43670654296875,0.0,62.43670654296875,0.0,62.43670654296875,217.3414764404297,0.08920131252768536,217.09576416015625,217.498291015625,1.0867756605148315,0.0003504854191512374,1.085541009902954,1.0875563621520996,216.68894958496094,0.005505865036825169,216.61215209960938,216.76832580566406
baseline,11,177,192,3,0.000601223281895121,9.160409726432967e-05,1.275533676147461,0.046257127153218454,1.3276088237762451,0.001506226709905379,10.115276018778482,0.3879324304605847,10.115275700887045,0.3879313732710769,10.128606478373209,0.38823255195898254,10.115275700887045,0.3879313732710769,1.275533676147461,0.046257127153218454,8.839742024739584,0.42968418569179295,0.026037414868672688,0.02279775718316582,8.81370460987091,0.40928350520529744,-0.052075465520222984,0.045596410430089884,-0.001509343325554191,4.130227465711717e-05,0.0,0.0,0.4947091241677602,0.00030453985822030596,0.0,0.0,0.0,0.0,0.517630398273468,0.0003029938844820471,0.517630398273468,0.0003029938844820471,1.0,0.0,62.43670654296875,0.0,62.43670654296875,0.0,62.43670654296875,0.0,62.43670654296875,217.2627970377604,0.06537844630609052,217.1270751953125,217.55035400390625,1.086384892463684,9.719074232828487e-05,1.0857058763504028,1.0878193378448486,216.53379821777344,0.06270890061495217,216.45428466796875,216.61514282226562
baseline,12,193,208,3,0.000546084736318638,5.805919712338587e-05,1.2707270781199138,0.05271372395178886,1.3253122170766194,0.001633618373999014,9.564334551493326,0.12221920149934291,9.56433359781901,0.12221920149934291,9.57594108581543,0.12267663175313356,9.56433359781901,0.12221920149934291,1.2707270781199138,0.05271372395178886,8.293606519699097,0.12344807620324201,0.02729209264119466,0.02567705206863599,8.266314427057901,0.12043913269290325,-0.05458609263102213,0.05135410413727198,-0.0013988640090834743,9.860003563104552e-05,0.0,0.0,0.49459389845530194,0.0002827429654173544,0.0,0.0,0.0,0.0,0.5169390638669332,0.0003241473886228991,0.5169390638669332,0.0003241473886228991,1.0,0.0,62.43670654296875,0.0,62.43670654296875,0.0,62.43670654296875,0.0,62.43670654296875,217.16240946451822,0.12606813269300854,217.00885009765625,217.3054656982422,1.0858825047810872,0.00045306174455047124,1.0851119756698608,1.086597204208374,216.37736002604166,0.10219727234155758,216.29635620117188,216.4568328857422
baseline,13,209,224,3,0.0005310755902125189,8.87057911149121e-05,1.2720177968343098,0.03194641954976014,1.3243605693181355,0.0020184006407316427,9.478841145833334,0.4496850025414182,9.478838602701822,0.4496870600615337,9.489446322123209,0.45126438570593785,9.478838602701822,0.4496870600615337,1.2720177968343098,0.03194641954976014,8.206820805867514,0.4738151561144996,0.026170114676157635,0.015188660288198819,8.180650691191355,0.46263900538971714,-0.0523453156153361,0.030373287221086842,-0.0012880744891805573,0.00011773562385361693,0.0,0.0,0.49451295534769696,0.0002574676159015504,0.0,0.0,0.0,0.0,0.5162655313809713,0.00022341713510068602,0.5162655313809713,0.00022341713510068602,1.0,0.0,62.43670654296875,0.0,62.43670654296875,0.0,62.43670654296875,0.0,62.43670654296875,217.08961486816406,0.0956655601631607,216.92408752441406,217.2142333984375,1.0855181614557903,0.00039980206143755745,1.0846896171569824,1.0861340761184692,216.22162373860678,0.03675269392618187,216.1393280029297,216.30258178710938
baseline,14,225,240,3,0.0004763786564581096,4.286579842069738e-05,1.3004203637440999,0.04392244793648969,1.3239951531092327,0.001332390792193266,9.159119288126627,0.23351052298237437,9.159119288126627,0.23351160905064486,9.1682341893514,0.23411861972709821,9.159119288126627,0.23351160905064486,1.3004203637440999,0.04392244793648969,7.858698924382527,0.2146515078009945,0.011787394682566324,0.02146674251397504,7.846911529699962,0.2233849802983916,-0.02357478936513265,0.04293195117104752,-0.0011587146809316866,9.988635088834651e-05,0.0,0.0,0.4944087366263072,0.00023957544101085453,0.0,0.0,0.0,0.0,0.5155765414237976,0.00021971293210667526,0.5155765414237976,0.00021971293210667526,1.0,0.0,62.43670654296875,0.0,62.43670654296875,0.0,62.43670654296875,0.0,62.43670654296875,217.03313191731772,0.08224062541509934,216.8555145263672,217.14401245117188,1.085233449935913,0.0004528953715933885,1.0843514204025269,1.0857936143875122,216.06771341959634,0.051513467495634874,215.98886108398438,216.14822387695312
baseline,15,241,256,3,0.0004444947505059342,2.4684316812179456e-05,1.2839422225952148,0.034348808407444524,1.3223245938618977,0.0014348649910445584,9.388897577921549,0.41422364369082765,9.388896942138672,0.4142247320485506,9.398264567057291,0.4141367312851454,9.388896942138672,0.4142247320485506,1.2839422225952148,0.034348808407444524,8.104954719543457,0.38129803097662435,0.019190867741902668,0.016456554020729316,8.085763851801554,0.39703937023300506,-0.03838300704956055,0.03291529338477442,-0.0011578905672161948,6.714281322184428e-05,0.0,0.0,0.4943719208240509,0.0002408417998203353,0.0,0.0,0.0,0.0,0.5151230096817017,0.00019953296501847308,0.5151230096817017,0.00019953296501847308,1.0,0.0,62.43670654296875,0.0,62.43670654296875,0.0,62.43670654296875,0.0,62.43670654296875,216.96162923177084,0.06305072145613631,216.8493194580078,217.09921264648438,1.084877848625183,0.00020375811800392053,1.0843180418014526,1.0855745077133179,215.91417439778647,0.051648715840647806,215.8328399658203,215.9947509765625
baseline,16,257,272,3,0.00044423516374081373,2.6005552726393496e-05,1.2781294584274292,0.030849335963689987,1.3210132916768391,0.003322295082675577,9.321760813395182,0.4770718930556743,9.321760495503744,0.477073366588345,9.330785433451334,0.47763589362411896,9.321760495503744,0.477073366588345,1.2781294584274292,0.030849335963689987,8.043631037076315,0.5042953117336928,0.021441757678985596,0.01563021143424611,8.02218927939733,0.49130809490001315,-0.04288415114084879,0.03125953555898437,-0.0011222793916170204,9.557383368481065e-05,0.0,0.0,0.49431811769803363,0.00017392840716087704,0.0,0.0,0.0,0.0,0.5145889520645142,0.0002306721546134217,0.5145889520645142,0.0002306721546134217,1.0,0.0,62.43670654296875,0.0,62.43670654296875,0.0,62.43670654296875,0.0,62.43670654296875,216.9075164794922,0.10580340165691891,216.65065002441406,217.07717895507812,1.0846070051193237,0.0005080460336534191,1.0833128690719604,1.0854628086090088,215.76024373372397,0.07262868709109714,215.67677307128906,215.84439086914062
baseline,17,273,288,3,0.0004766202376534541,7.479280523040644e-05,1.259198745091756,0.01647513025477591,1.3175348440806072,0.002593785160769404,9.616434415181478,0.3768331386845935,9.6164337793986,0.3768320874981817,9.625703811645508,0.3762310825447207,9.6164337793986,0.3768320874981817,1.259198745091756,0.01647513025477591,8.357235034306845,0.3808651595241872,0.029167731602986652,0.009254475971855868,8.328067302703857,0.37769972895269877,-0.058336734771728516,0.018507694467295215,-0.0011129791630216286,0.0001251844834328401,0.0,0.0,0.4942319492499034,0.0001627966020447598,0.0,0.0,0.0,0.0,0.5142480532328287,0.00023075779712175603,0.5142480532328287,0.00023075779712175603,1.0,0.0,62.43670654296875,0.0,62.43670654296875,0.0,62.43670654296875,0.0,62.43670654296875,216.84777323404947,0.07327788416882931,216.65625,217.01202392578125,1.0843071937561035,0.0003512905529915301,1.0833466053009033,1.0851294994354248,215.6067911783854,0.03703014034388516,215.52734375,215.68994140625
baseline,18,289,304,3,0.0005153373058419675,0.00018322832233062106,1.284572680791219,0.03143364080068932,1.3189661900202434,0.0019849689266880923,8.993216832478842,0.43966661781434074,8.993215560913086,0.43966715708857584,9.000938733418783,0.440445421486742,8.993215560913086,0.43966715708857584,1.284572680791219,0.03143364080068932,7.708642880121867,0.4394428844611985,0.01719611883163452,0.014842049606422329,7.691446761290233,0.4397237475596459,-0.03439478079477946,0.029683956864424713,-0.0010001035923652424,4.9173213657157835e-05,0.0,0.0,0.49417467912038165,0.00028689312466478986,0.0,0.0,0.0,0.0,0.5138645768165588,0.0003019621190149608,0.5138645768165588,0.0003019621190149608,1.0,0.0,62.43670654296875,0.0,62.43670654296875,0.0,62.43670654296875,0.0,62.43670654296875,216.8251698811849,0.09588748705239085,216.71974182128906,216.9882354736328,1.0841957330703735,0.0004479608637686208,1.0836621522903442,1.085007905960083,215.45300801595053,0.05175083153807846,215.3714141845703,215.53578186035156
baseline,19,305,320,3,0.0004611854092217982,8.947853547250715e-05,1.3035910526911418,0.013409932907577707,1.3195915619532268,0.0019620606460620626,9.058846155802408,0.4052224039209361,9.058847745259603,0.4052238173257222,9.065946261088053,0.4056955333035999,9.058847745259603,0.4052238173257222,1.3035910526911418,0.013409932907577707,7.755256692568461,0.3924841425405227,0.008001049359639486,0.0060172706479405536,7.747255643208821,0.39836802732285365,-0.01599891980489095,0.012037169084081858,-0.000914771378920376,4.6389132080456895e-05,0.0,0.0,0.49411176641782123,0.00024767804563390197,0.0,0.0,0.0,0.0,0.5135240157445272,0.00039070783423989994,0.5135240157445272,0.00039070783423989994,1.0,0.0,62.43670654296875,0.0,62.43670654296875,0.0,62.43670654296875,0.0,62.43670654296875,216.7655283610026,0.10289253075928993,216.6395721435547,216.90931701660156,1.0838963985443115,0.00028947106845487433,1.0832719802856445,1.084617018699646,215.29875691731772,0.009345260512350375,215.2163543701172,215.38206481933594
baseline,20,321,336,3,0.0004812117646603535,0.0001262867790310557,1.3111563920974731,0.06126376042824185,1.3179258902867634,0.0016044305843199481,9.08874225616455,0.045773130213015406,9.088741938273111,0.04577260455257777,9.095808347066244,0.04587024789741815,9.088741938273111,0.04577260455257777,1.3111563920974731,0.06126376042824185,7.777585546175639,0.016639014988441572,0.0033845901489257812,0.030089825482904894,7.774200956026713,0.015434390511348655,-0.006769816080729167,0.06017896871101828,-0.0009085678788309792,2.3699285235603523e-05,0.0,0.0,0.49400580922762555,0.0002792662941064184,0.0,0.0,0.0,0.0,0.5132331450780233,0.00042369825098096395,0.5132331450780233,0.00042369825098096395,1.0,0.0,62.43670654296875,0.0,62.43670654296875,0.0,62.43670654296875,0.0,62.43670654296875,216.7514394124349,0.06594416811846765,216.608154296875,216.8988037109375,1.0838265816370647,0.00030082322425004543,1.0831047296524048,1.0845662355422974,215.14417012532553,0.06320454405692276,215.06468200683594,215.2317657470703
baseline,21,337,352,3,0.0004883478783691922,0.00011864976057664132,1.2453153133392334,0.027517150067566665,1.3174004554748535,0.0004763291901744322,9.200187683105469,0.2829495296086518,9.200187047322592,0.2829514665080599,9.206318855285645,0.2832612978810897,9.200187047322592,0.2829514665080599,1.2453153133392334,0.027517150067566665,7.9548717339833575,0.2566040267045727,0.036042253176371254,0.013831976657396607,7.918829480806987,0.2698824748679148,-0.07208577791849773,0.027667920483285893,-0.0007705383835356905,3.784755272130792e-05,0.0,0.0,0.49397215247154236,0.0003309733177582732,0.0,0.0,0.0,0.0,0.5130273501078287,0.00035067280414783074,0.5130273501078287,0.00035067280414783074,1.0,0.0,62.43670654296875,0.0,62.43670654296875,0.0,62.43670654296875,0.0,62.43670654296875,216.73038736979166,0.08149431519428238,216.52720642089844,216.8472900390625,1.0837210416793823,0.00020744473592796973,1.0827113389968872,1.084303855895996,214.9910888671875,0.09588282804929792,214.91163635253906,215.07464599609375
baseline,22,353,368,3,0.0005390828882809728,0.00014939755576054284,1.246942400932312,0.03418282753163831,1.3165457248687744,0.001266490527750892,8.894852002461752,0.48252702727332497,8.894850730895996,0.482525927552573,8.900506337483725,0.48323168389901217,8.894850730895996,0.482525927552573,1.246942400932312,0.03418282753163831,7.647908329963684,0.5138217082021377,0.0348010261853536,0.01687754770734475,7.613107303778331,0.4985701773301074,-0.0696045955022176,0.03375711433658126,-0.0007375585491426288,5.644398710377946e-05,0.0,0.0,0.49387572209040326,0.0003366387682120175,0.0,0.0,0.0,0.0,0.5127098361651102,0.000322786477811601,0.5127098361651102,0.000322786477811601,1.0,0.0,62.43670654296875,0.0,62.43670654296875,0.0,62.43670654296875,0.0,62.43670654296875,216.69707234700522,0.08071729643826558,216.58740234375,216.84402465820312,1.0835546255111694,0.00034544708171575604,1.0830079317092896,1.0842840671539307,214.83675130208334,0.09593522363150511,214.75791931152344,214.92079162597656
baseline,23,369,384,3,0.00043518489110283554,7.799752645597184e-05,1.3056763807932537,0.05680687948117586,1.316123644510905,0.0015572326528687883,9.120479583740234,0.7957849709403715,9.120478312174479,0.7957845891403442,9.12634531656901,0.7962521373285751,9.120478312174479,0.7957845891403442,1.3056763807932537,0.05680687948117586,7.814801931381226,0.8456700820597952,0.005222996075948079,0.027660517651127547,7.809578935305278,0.8211584390598674,-0.010448535283406576,0.0553213172692102,-0.0007522329041763273,3.550794076002605e-05,0.0,0.0,0.4938136140505473,0.0003407341685929911,0.0,0.0,0.0,0.0,0.5124219059944153,0.00029405776769071186,0.5124219059944153,0.00029405776769071186,1.0,0.0,62.43670654296875,0.0,62.43670654296875,0.0,62.43670654296875,0.0,62.43670654296875,216.6573028564453,0.03038721337669356,216.52456665039062,216.81727600097656,1.0833556254704793,0.00037725200900736166,1.0826900005340576,1.0841602087020874,214.6827646891276,0.03724016884710827,214.60275268554688,214.76748657226562
baseline,24,385,400,3,0.0004054522917916377,2.868381782013713e-05,1.274519443511963,0.0261853532144603,1.3142038186391194,0.0007225612276803712,8.88808536529541,0.6251094384376485,8.888084411621094,0.6251103212279072,8.893535296122232,0.6257025790883123,8.888084411621094,0.6251103212279072,1.274519443511963,0.0261853532144603,7.613564968109131,0.6257279870089235,0.019841710726420086,0.012867711432690969,7.5937232573827105,0.6255671703979931,-0.039685328801472984,0.025734735144954918,-0.0007148186194661695,3.582047247972227e-05,0.0,0.0,0.4938261906305949,0.0002779003862546385,0.0,0.0,0.0,0.0,0.5122109850247701,0.00021153706345201697,0.5122109850247701,0.00021153706345201697,1.0,0.0,62.43670654296875,0.0,62.43670654296875,0.0,62.43670654296875,0.0,62.43670654296875,216.63980102539062,0.08310130079770141,216.49722290039062,216.8069610595703,1.0832671324412029,0.0004109601970755989,1.0825550556182861,1.0841144323349,214.53005981445312,0.052097595897337166,214.45025634765625,214.61582946777344
baseline,25,401,416,3,0.0004182768364747365,6.888830749960253e-05,1.2585862080256145,0.025457965522932367,1.3168660799662273,0.0009513691694644606,8.742367108662924,0.28011530281649727,8.742365519205729,0.28011476324981494,8.747281074523926,0.28048641433573673,8.742365519205729,0.28011476324981494,1.2585862080256145,0.025457965522932367,7.483779311180115,0.30051689944730076,0.029139141241709392,0.012344699453992818,7.454640169938405,0.2903618346877126,-0.0582814613978068,0.024690128955754013,-0.0006561779977003468,2.7362555635504824e-05,0.0,0.0,0.49373210469881695,0.00022868225251004192,0.0,0.0,0.0,0.0,0.5119203925132751,0.00019888826745206948,0.5119203925132751,0.00019888826745206948,1.0,0.0,62.43670654296875,0.0,62.43670654296875,0.0,62.43670654296875,0.0,62.43670654296875,216.61509704589844,0.08299302690844147,216.49375915527344,216.72799682617188,1.0831436316172283,0.00041047418113197354,1.0825471878051758,1.0837111473083496,214.37751261393228,0.05195955000862723,214.29872131347656,214.4652099609375
baseline,26,417,432,3,0.00042641111455547315,4.150754536063375e-05,1.256562352180481,0.06607189812415341,1.3153931697209675,0.001254684122783813,8.735141118367514,0.352540810761417,8.735140800476074,0.35253935484874255,8.739919980367025,0.3526182390377678,8.735140800476074,0.35253935484874255,1.256562352180481,0.06607189812415341,7.478578448295593,0.308657224824892,0.029415249824523926,0.03332848062798459,7.449163198471069,0.32945115435771966,-0.05883113543192545,0.06665497967715893,-0.0006396016820132319,3.2886733788623725e-05,0.0,0.0,0.4936592976252238,0.00020636782563434523,0.0,0.0,0.0,0.0,0.5117111404736837,0.00020393635210931525,0.5117111404736837,0.00020393635210931525,1.0,0.0,62.43670654296875,0.0,62.43670654296875,0.0,62.43670654296875,0.0,62.43670654296875,216.59747823079428,0.010897590970610363,216.4535675048828,216.78244018554688,1.0830556154251099,5.449581604399485e-05,1.0823407173156738,1.0839802026748657,214.22437032063803,0.03742986924780572,214.14645385742188,214.31036376953125
baseline,27,433,448,3,0.0003572258962473522,3.745903350578849e-05,1.3004071712493896,0.02628313676113711,1.3148922125498455,0.002657087819887839,8.971970558166504,0.5328247220088473,8.971970240275065,0.5328243461224478,8.97675641377767,0.5334274800028922,8.971970240275065,0.5328243461224478,1.3004071712493896,0.02628313676113711,7.671563069025676,0.5438147322492196,0.007242361704508464,0.013619721799150357,7.664320707321167,0.5391573499563458,-0.014485359191894531,0.027240442261078343,-0.0006222565463193478,7.798947401970194e-05,0.0,0.0,0.49354906876881915,0.0002594236826685364,0.0,0.0,0.0,0.0,0.5116020639737447,0.0002706621214269876,0.5116020639737447,0.0002706621214269876,1.0,0.0,62.43670654296875,0.0,62.43670654296875,0.0,62.43670654296875,0.0,62.43670654296875,216.5863037109375,0.09553657946532988,216.44171142578125,216.7036590576172,1.0829997062683105,0.0003990782418276443,1.082276701927185,1.083583950996399,214.07268778483072,0.03737193914309467,213.9939422607422,214.15794372558594
baseline,28,449,464,3,0.0003425177710596472,2.2650403633976877e-05,1.2642079989115398,0.03681927909045635,1.3140169779459636,0.0027711186766118103,8.998606363932291,0.3848938806510814,8.99860668182373,0.3848922475690567,9.003454208374023,0.3853332075934846,8.99860668182373,0.3848922475690567,1.2642079989115398,0.03681927909045635,7.7343986829121905,0.35149212331926993,0.024904648462931316,0.018634590857202926,7.70949403444926,0.3688487783492894,-0.049808661142985024,0.03726685522003378,-0.000625862028043711,6.231375900921062e-05,0.0,0.0,0.49353040258089703,0.00029749258205533205,0.0,0.0,0.0,0.0,0.5114102959632874,0.0002641161981130747,0.5114102959632874,0.0002641161981130747,1.0,0.0,62.43670654296875,0.0,62.43670654296875,0.0,62.43670654296875,0.0,62.43670654296875,216.5473887125651,0.06472882848198676,216.406982421875,216.6806182861328,1.0828052759170532,0.00021637504839934086,1.0821095705032349,1.083463191986084,213.92002868652344,0.06316152319405305,213.84152221679688,214.0052032470703
baseline,29,465,480,3,0.0003277183568570763,3.806901711081496e-05,1.2731829484303792,0.017719455753814495,1.3149593273798625,0.0008246995349428138,8.9013303120931,0.133937341405031,8.901331265767416,0.1339362861922432,8.90588347117106,0.13374147023704389,8.901331265767416,0.1339362861922432,1.2731829484303792,0.017719455753814495,7.628148317337036,0.13810612647047268,0.020888666311899822,0.008977721680983281,7.607259651025136,0.13610996539857995,-0.04177542527516683,0.01795319523428385,-0.0005972006363376506,3.6164345079020746e-05,0.0,0.0,0.49345165491104126,0.00027068393214819644,0.0,0.0,0.0,0.0,0.5111887256304423,0.00015135691282942997,0.5111887256304423,0.00015135691282942997,1.0,0.0,62.43670654296875,0.0,62.43670654296875,0.0,62.43670654296875,0.0,62.43670654296875,216.57127380371094,0.05353521441038025,216.37110900878906,216.66806030273438,1.0829256375630696,0.00029330153207023953,1.0819193124771118,1.0834083557128906,213.76744588216147,0.0812383131978569,213.68521118164062,213.85244750976562
baseline,30,481,488,3,0.0003392243816051632,7.538967132306374e-05,1.5525459448496501,0.05688383018351604,1.5781604051589966,0.0015750961931544438,5.570719083150228,0.17397462460596147,5.570719083150228,0.17397543799584933,5.572760581970215,0.17404349581131257,5.570719083150228,0.17397543799584933,1.5525459448496501,0.05688383018351604,4.018173138300578,0.22851293957385727,0.012807230154673258,0.027684825234089588,4.0053659081459045,0.20174943758039354,-0.025614460309346516,0.055368199416521185,-0.0005085144763126159,1.196935542794532e-05,0.0,0.0,0.4934469262758891,0.00022152682944090072,0.0,0.0,0.0,0.0,0.5110299189885458,0.00016606133584843607,0.5110299189885458,0.00016606133584843607,1.0,0.0,62.43670654296875,0.0,62.43670654296875,0.0,62.43670654296875,0.0,62.43670654296875,216.54717508951822,0.09306963838239013,216.4365692138672,216.72816467285156,1.0828031698862712,0.00031732590813690127,1.0822556018829346,1.083709478378296,213.65247599283853,0.051730776208293014,213.61175537109375,213.69802856445312
bc,0,1,16,3,0.09054477264483769,0.0033614267365644256,1.1483970880508423,0.023489075849083968,1.5292075872421265,0.019084440859640686,8.473982175191244,0.2300108547449885,8.469615618387857,0.2309194329189325,9.200903256734213,0.23922088316099238,9.200903256734213,0.23922088316099238,1.1483970880508423,0.023489075849083968,8.05250616868337,0.2620698674525933,0.18822197119394937,0.021660224289777243,7.132996559143066,0.23238753634423404,-0.3851770559946696,0.04160202679124229,-0.09994083614302467,0.0023954065464380195,0.0,0.0,0.4985971748828888,0.0001484959052895024,0.0,0.0,0.0,0.0,0.5917727549870809,0.00020394025430841924,0.5917727549870809,0.00020394025430841924,0.9411293665568033,4.3509199683883225e-05,62.43670654296875,0.0,62.43670654296875,0.0,62.43670654296875,0.0,62.43670654296875,516.6654052734375,371.86587425088373,264.5067443847656,1716.2943115234375,2.5833566983540854,1.8592830161287817,1.322619915008545,8.5814790725708,217.78072611490884,0.07230288365232879,217.59130859375,217.84573364257812
bc,1,17,32,3,0.007756597362458706,0.0016645669325135461,1.2764542897542317,0.022704073067480058,1.558597167332967,0.009693679223718159,13.67357603708903,0.11081722038443127,13.67357095082601,0.11081913014136982,13.711423556009928,0.11196137564890309,13.711423556009928,0.11196137564890309,1.2764542897542317,0.022704073067480058,12.434969266255697,0.10349244652665458,0.14106889565785727,0.009842449645053021,12.25604776541392,0.10893866980512552,-0.28214796384175617,0.019686646966732925,-0.0030528667763825754,0.00012218451755303348,0.0,0.0,0.4974657992521922,0.0002071325090456138,0.0,0.0,0.0,0.0,0.5478915373484293,0.00011523346617981724,0.5478915373484293,0.00011523346617981724,0.9928130706151327,2.5997898968473838e-05,62.43670654296875,0.0,62.43670654296875,0.0,62.43670654296875,0.0,62.43670654296875,236.47449747721353,10.521805572726734,223.71034240722656,258.7454528808594,1.1824533144632976,0.05261104378011415,1.1186280250549316,1.2938097715377808,217.63743591308594,0.0036442000840691247,217.5531005859375,217.72674560546875
bc,2,33,48,3,0.003936175412187974,0.00017171801333658288,1.290561596552531,0.029462484527629198,1.4590414762496948,0.006457714423666632,13.964428901672363,0.0540385549288656,13.964423179626465,0.05403950839227,13.987322807312012,0.053443552576930266,13.987322807312012,0.053443552576930266,1.290561596552531,0.029462484527629198,12.696761210759481,0.0663044888954306,0.08423707882563274,0.017602632729333857,12.5896245042483,0.0564918239580931,-0.16848560174306235,0.035204698012344694,-0.001807129734864299,9.223055865288544e-05,0.0,0.0,0.4968004028002421,0.0001765358177849049,0.0,0.0,0.0,0.0,0.5369850595792135,0.00017438738563477175,0.5369850595792135,0.00017438738563477175,0.9990302522977194,3.760450063425777e-06,62.43670654296875,0.0,62.43670654296875,0.0,62.43670654296875,0.0,62.43670654296875,219.65138244628906,1.6724835581560524,217.50717163085938,223.05836486816406,1.0983307361602783,0.00836564797038269,1.0876110792160034,1.1153672933578491,217.47049967447916,0.06259459031795668,217.39137268066406,217.5509490966797
bc,3,49,64,3,0.0026841575745493174,0.00036215698015742054,1.2813491821289062,0.017248436384429612,1.3992077906926472,0.009257809925099439,13.45784854888916,0.11660109058853645,13.457845369974772,0.11660462002926125,13.479286511739096,0.11617982573834697,13.479286511739096,0.11617982573834697,1.2813491821289062,0.017248436384429612,12.19793732961019,0.11890458459039549,0.058927714824676514,0.013252728188253297,12.117568473021189,0.1171399015098063,-0.11786178747812907,0.0265062608154684,-0.0017613900795979316,0.00019232828343640894,0.0,0.0,0.49633048971494037,0.00033268904246070964,0.0,0.0,0.0,0.0,0.5313568512598673,0.00018167263343552145,0.5313568512598673,0.00018167263343552145,0.9998552799224854,2.309247330166163e-06,62.43670654296875,0.0,62.43670654296875,0.0,62.43670654296875,0.0,62.43670654296875,216.8049112955729,0.2869837534354969,216.3762664794922,217.4213104248047,1.0840962727864583,0.001454057657394856,1.081943154335022,1.0871822834014893,217.3102823893229,0.05110422431646486,217.23414611816406,217.389892578125
bc,4,65,80,3,0.0018705629821245868,0.0003554870814736439,1.2826074759165447,0.02263569638117293,1.3666129509607952,0.006333244890197864,12.834158897399902,0.3488223367836881,12.834154764811197,0.34882088562634983,12.856824239095053,0.34751900300540717,12.856824239095053,0.34751900300540717,1.2826074759165447,0.02263569638117293,11.574216763178507,0.3272849561280484,0.04200067122777303,0.01240480415147042,11.50954661766688,0.3379293014432566,-0.08400960763295491,0.02480955479911553,-0.0019657748852848953,0.00023586191945090088,0.0,0.0,0.4960735539595286,0.0002305528084069211,0.0,0.0,0.0,0.0,0.527720590432485,9.339624343372534e-05,0.527720590432485,9.339624343372534e-05,0.9999795357386271,1.3596305935323733e-06,62.43670654296875,0.0,62.43670654296875,0.0,62.43670654296875,0.0,62.43670654296875,216.27052307128906,0.12413145019592506,216.0880126953125,216.46792602539062,1.0814234018325806,0.0005153299700270835,1.0805130004882812,1.0824122428894043,217.15335591634116,0.08075594660146287,217.07781982421875,217.2311248779297
bc,5,81,96,3,0.0014397649792954326,0.00023918303214435217,1.2984776099522908,0.022815012890369458,1.351982553799947,0.0037738653126326138,12.148602803548178,0.40199928973290217,12.148597399393717,0.401996602727937,12.170745849609375,0.4005373543549289,12.170745849609375,0.4005373543549289,1.2984776099522908,0.022815012890369458,10.872268239657084,0.4190326513429903,0.02674976984659831,0.01307634216222297,10.823370019594828,0.41043424673488654,-0.05351034800211588,0.026158227051275018,-0.0020468103354306746,0.00024415774467959365,0.0,0.0,0.4958110849062602,0.00024311769485820876,0.0,0.0,0.0,0.0,0.5251754721005758,0.0002134552209291835,0.5251754721005758,0.0002134552209291835,0.9999966621398926,4.172325134277344e-07,62.43670654296875,0.0,62.43670654296875,0.0,62.43670654296875,0.0,62.43670654296875,216.18023173014322,0.038158145222093,216.03871154785156,216.28395080566406,1.0809716780980427,0.00020844462052442228,1.080259919166565,1.081487774848938,216.9974822998047,0.051220219248344356,216.9189910888672,217.0747528076172
bc,6,97,112,3,0.0013072730895752709,0.000283949985524335,1.290692408879598,0.02204868647197048,1.3444407383600872,0.0005794313334885413,11.671598434448242,0.4351346458498746,11.671596844991049,0.4351340684022201,11.693164189656576,0.4333577951837781,11.693164189656576,0.4333577951837781,1.290692408879598,0.02204868647197048,10.402471780776978,0.4493085891958073,0.02687337001164754,0.011299535303222124,10.354031066099802,0.44280177689729294,-0.053749918937683105,0.022598597275882242,-0.0020854909800554675,0.0002916860987537599,0.0,0.0,0.49566012620925903,7.524055939172578e-05,0.0,0.0,0.0,0.0,0.5232070287068685,0.00029624135274926685,0.5232070287068685,0.00029624135274926685,0.9999993840853373,2.753020616481904e-07,62.43670654296875,0.0,62.43670654296875,0.0,62.43670654296875,0.0,62.43670654296875,216.17476399739584,0.08743741770883648,216.07200622558594,216.3531494140625,1.0809430678685505,0.00043281177358455434,1.0804318189620972,1.081832766532898,216.84240214029947,0.05121971978949634,216.7659912109375,216.9205780029297
bc,7,113,128,3,0.0011442390774997573,0.0002678345324950568,1.2551441589991252,0.060790400335741596,1.3381695747375488,0.0014044527743860748,11.275789578755697,0.4662984042912882,11.275788307189941,0.4663006957205078,11.29581387837728,0.4661149394600588,11.29581387837728,0.4661149394600588,1.2551441589991252,0.060790400335741596,10.040669719378153,0.4467756445813235,0.04151207208633423,0.02993911551167082,9.979132076104483,0.4549776333531237,-0.08302668730417888,0.05987534436638343,-0.0020010470500732382,0.00017718954411889278,0.0,0.0,0.495521605014801,0.00013313129060236269,0.0,0.0,0.0,0.0,0.5216386715571085,0.0003678494475181353,0.5216386715571085,0.0003678494475181353,0.9999999205271403,9.104759881806055e-08,62.43670654296875,0.0,62.43670654296875,0.0,62.43670654296875,0.0,62.43670654296875,216.17012532552084,0.05521129596872281,216.01698303222656,216.31591796875,1.080919623374939,0.00022510594257162353,1.0801591873168945,1.0816463232040405,216.68777974446616,0.05116905438554154,216.61300659179688,216.765380859375
bc,8,129,144,3,0.0008942060715829333,0.00014298968467174014,1.2915593385696411,0.027984520784612544,1.3328616619110107,0.0016632753051873143,10.638850529988607,0.484882732956754,10.638847986857096,0.4848841724514563,10.656266848246256,0.4850159556413595,10.656266848246256,0.4850159556413595,1.2915593385696411,0.027984520784612544,9.364707509676615,0.4983418565974556,0.020649890104929607,0.014810640204481687,9.326638758182526,0.4911476572714413,-0.04130486647288004,0.029622444781431556,-0.0018665828899763575,0.00010035143272741707,0.0,0.0,0.49539904793103534,5.446627247787012e-05,0.0,0.0,0.0,0.0,0.520402212937673,0.0003242967633769779,0.520402212937673,0.0003242967633769779,1.0,0.0,62.43670654296875,0.0,62.43670654296875,0.0,62.43670654296875,0.0,62.43670654296875,216.1587931315104,0.054876859423083596,215.98703002929688,216.35960388183594,1.080864151318868,0.0004571249205319784,1.080005168914795,1.081872820854187,216.53400166829428,0.05119476586119258,216.4566192626953,216.61233520507812
bc,9,145,160,3,0.0007826264676017066,5.84791066881076e-05,1.326549808184306,0.022700853025279077,1.329335371653239,0.002178835381538329,10.543205261230469,0.33743105371957627,10.54320240020752,0.3374272472120032,10.560356775919596,0.33613520874046565,10.560356775919596,0.33613520874046565,1.326549808184306,0.022700853025279077,9.23380696773529,0.35869214830042667,0.0013913512229919434,0.01235300956433981,9.215261240800222,0.34766424295297294,-0.0027884244918823242,0.024713566010493043,-0.0018667747151047316,0.00021608142382182417,0.0,0.0,0.4952447712421417,1.9228203429478547e-05,0.0,0.0,0.0,0.0,0.5193812648455302,0.0003087285643030464,0.5193812648455302,0.0003087285643030464,1.0,0.0,62.43670654296875,0.0,62.43670654296875,0.0,62.43670654296875,0.0,62.43670654296875,216.16909790039062,0.05390014909507323,216.02041625976562,216.2819366455078,1.0809155702590942,0.0004957415956704518,1.080175518989563,1.0814785957336426,216.37800089518228,0.036341435118890424,216.30029296875,216.45736694335938
bc,10,161,176,3,0.0007266335499783357,9.258741791922573e-05,1.2945595979690552,0.020022695780580375,1.328657070795695,0.0019465488482918471,9.92367426554362,0.24484434057959212,9.923672993977865,0.2448425559201082,9.937835057576498,0.24352379244847985,9.937835057576498,0.24352379244847985,1.2945595979690552,0.020022695780580375,8.643275459607443,0.2338462860243267,0.017048100630442303,0.009347858561756624,8.612065295378367,0.2389360077924963,-0.03409874439239502,0.018697868798078963,-0.0016448734636991997,0.0002174569326655142,0.0,0.0,0.495054970184962,4.771864935140672e-05,0.0,0.0,0.0,0.0,0.518470843633016,0.0003692421166151874,0.518470843633016,0.0003692421166151874,1.0,0.0,62.43670654296875,0.0,62.43670654296875,0.0,62.43670654296875,0.0,62.43670654296875,216.1520538330078,0.07226579515495114,215.97080993652344,216.30078125,1.0808285474777222,0.00039912760814045796,1.0799161195755005,1.0815708637237549,216.22427876790366,0.03637815069861135,216.1465301513672,216.3020782470703
bc,11,177,192,3,0.0007500340385983387,0.00016703427240058352,1.2767956654230754,0.0439005694086975,1.327202836672465,0.0007292259015925627,9.862250645955404,0.4357175518029112,9.862250645955404,0.43571572744541703,9.875709533691406,0.4356026496711299,9.875709533691406,0.4356026496711299,1.2767956654230754,0.0439005694086975,8.598913868268331,0.4281919145984049,0.025203585624694824,0.022315210507543027,8.560251394907633,0.43157941988331205,-0.05040717124938965,0.04462854451604452,-0.0015708684368827737,0.00013282955617491602,0.0,0.0,0.494876762231191,2.86896748335716e-05,0.0,0.0,0.0,0.0,0.5176323254903158,0.0003024285012366277,0.5176323254903158,0.0003024285012366277,1.0,0.0,62.43670654296875,0.0,62.43670654296875,0.0,62.43670654296875,0.0,62.43670654296875,216.17679850260416,0.06351059805820049,216.05824279785156,216.40341186523438,1.0809547503789265,0.00044945855414047213,1.0803552865982056,1.0820846557617188,216.06937154134116,0.06268636593793901,215.98899841308594,216.14903259277344
bc,12,193,208,3,0.0006579845988502105,0.00012412504032336148,1.2732374668121338,0.051173629399418524,1.3233260313669841,0.001981831669975413,9.615208943684896,0.3750629162459119,9.615208625793457,0.3750629220568102,9.627765337626139,0.3753963480462231,9.627765337626139,0.3753963480462231,1.2732374668121338,0.051173629399418524,8.354527870814005,0.3478815020197687,0.02504412333170573,0.024829603190360053,8.316927035649618,0.3607160062669117,-0.05008888244628906,0.04965746618275146,-0.0015053855275236987,0.0001228740035594426,0.0,0.0,0.4947669903437297,4.9344333757448105e-05,0.0,0.0,0.0,0.0,0.5169411301612854,0.00032469146480037717,0.5169411301612854,0.00032469146480037717,1.0,0.0,62.43670654296875,0.0,62.43670654296875,0.0,62.43670654296875,0.0,62.43670654296875,216.17121378580728,0.020437818849244845,216.04750061035156,216.32887268066406,1.0809264183044434,0.0003598342605348963,1.0803053379058838,1.0817211866378784,215.91312662760416,0.0054073316920578915,215.83123779296875,215.99102783203125
bc,13,209,224,3,0.0005925350706093013,0.0001446957600625913,1.271811564763387,0.03171002868273464,1.3234295845031738,0.002296270975270443,9.292348225911459,0.4376981256857499,9.29234759012858,0.4376983014348379,9.303250630696615,0.4389729618929538,9.303250630696615,0.4389729618929538,1.271811564763387,0.03171002868273464,8.031439065933228,0.46814237933404657,0.02580869197845459,0.014766413563161714,7.994727333386739,0.4530956537751466,-0.05161865552266439,0.029532904206193464,-0.001356176267000242,0.00012327325154201603,0.0,0.0,0.494660605986913,6.9359950397572e-05,0.0,0.0,0.0,0.0,0.5162671009699503,0.00022550670672143806,0.5162671009699503,0.00022550670672143806,1.0,0.0,62.43670654296875,0.0,62.43670654296875,0.0,62.43670654296875,0.0,62.43670654296875,216.17577107747397,0.007794999474096426,216.04281616210938,216.30728149414062,1.0809487501780193,0.0004897632794026236,1.0802829265594482,1.081602931022644,215.7575887044271,0.051502708397214866,215.67425537109375,215.83680725097656
bc,14,225,240,3,0.0005798389999351153,0.0001259537176126762,1.3026509682337444,0.04119607910542512,1.3224836985270183,0.0010990494895566577,9.263829867045084,0.3240909707446585,9.263828913370768,0.32409024991625074,9.273713111877441,0.32487671931214007,9.273713111877441,0.32487671931214007,1.3026509682337444,0.04119607910542512,7.971062143643697,0.29013394337934134,0.00991588830947876,0.020709907189426828,7.951262056827545,0.30687998804044786,-0.019833683967590332,0.04141711528137616,-0.0012401574141054361,8.213317866831961e-05,0.0,0.0,0.49455540378888446,6.271697712714283e-05,0.0,0.0,0.0,0.0,0.5155787666638693,0.00022004247876903756,0.5155787666638693,0.00022004247876903756,1.0,0.0,62.43670654296875,0.0,62.43670654296875,0.0,62.43670654296875,0.0,62.43670654296875,216.18963114420572,0.07417801713501944,216.01376342773438,216.33743286132812,1.0810158650080364,0.000495872604589749,1.0801432132720947,1.0817581415176392,215.60384623209634,0.08100258176819745,215.52401733398438,215.68270874023438
bc,15,241,256,3,0.0005565141424691925,0.00013532569075594216,1.2841600179672241,0.033301756265289764,1.3215198914210002,0.0018817915920928219,9.430411338806152,0.6062463200212678,9.430410385131836,0.6062463200212678,9.440204620361328,0.6065393026283461,9.440204620361328,0.6065393026283461,1.2841600179672241,0.033301756265289764,8.156044602394104,0.585215713818749,0.018679459889729817,0.015830335994373543,8.127570907274881,0.5952629244945045,-0.037360827128092446,0.031660671988747086,-0.001204647124862494,4.9053682748218014e-05,0.0,0.0,0.4945560892422994,0.00010998687218399602,0.0,0.0,0.0,0.0,0.5151238441467285,0.00020192182561456454,0.5151238441467285,0.00020192182561456454,1.0,0.0,62.43670654296875,0.0,62.43670654296875,0.0,62.43670654296875,0.0,62.43670654296875,216.1753184000651,0.0511827814934062,216.03097534179688,216.29034423828125,1.0809460878372192,0.00044622540283295034,1.080225944519043,1.0815296173095703,215.45054626464844,0.06299744081296214,215.36825561523438,215.529541015625
bc,16,257,272,3,0.000558313544994841,7.652171692268698e-06,1.2751800616582234,0.030696665788173857,1.3198504050572712,0.002743674368184859,9.088529904683432,0.534955517248681,9.088529904683432,0.5349550421705368,9.097539901733398,0.5351154287420495,9.097539901733398,0.5351154287420495,1.2751800616582234,0.030696665788173857,7.822359840075175,0.5645131944726745,0.022335171699523926,0.014841151085570794,7.791014671325684,0.5498078534236388,-0.04467034339904785,0.02968243571187386,-0.0011561316561231976,9.434427248760659e-05,0.0,0.0,0.4944842259089152,0.00014875406817721135,0.0,0.0,0.0,0.0,0.5145891110102335,0.00022901283812072946,0.5145891110102335,0.00022901283812072946,1.0,0.0,62.43670654296875,0.0,62.43670654296875,0.0,62.43670654296875,0.0,62.43670654296875,216.17522684733072,0.12225245292318865,215.92730712890625,216.3419647216797,1.080945571263631,0.0005422072607366475,1.0796958208084106,1.0817867517471313,215.29694112141928,0.06297805054096642,215.21263122558594,215.3792724609375
bc,17,273,288,3,0.0006037979231526455,0.0001452794245624113,1.2595188220342,0.015283095197430792,1.317204236984253,0.0015456569510696831,9.31116008758545,0.6075435275596346,9.311160405476889,0.6075449570107824,9.320242563883463,0.6073769173387309,9.320242563883463,0.6073769173387309,1.2595188220342,0.015283095197430792,8.060723741849264,0.6204337979198198,0.02884286642074585,0.008178573280653299,8.022798717021942,0.6133165735266687,-0.0576850970586141,0.016354354284423802,-0.0011332366741705346,0.00011969608803830042,0.0,0.0,0.49438220262527466,0.0001147838797131073,0.0,0.0,0.0,0.0,0.5142503380775452,0.00023097405887159204,0.5142503380775452,0.00023097405887159204,1.0,0.0,62.43670654296875,0.0,62.43670654296875,0.0,62.43670654296875,0.0,62.43670654296875,216.16067504882812,0.07373126650056563,215.98143005371094,216.31356811523438,1.0808716615041096,0.00035373321012809435,1.079972267150879,1.0816370248794556,215.14372762044272,0.06301288403793533,215.0634002685547,215.22503662109375
bc,18,289,304,3,0.0006366371817421168,0.0002652532837873232,1.2835996548334758,0.029106475179571687,1.3183258771896362,0.0011738436444626013,8.885040283203125,0.9113217311176417,8.88503901163737,0.911321213076323,8.89312998453776,0.9125962730048799,8.89312998453776,0.9125962730048799,1.2835996548334758,0.029106475179571687,7.609530329704285,0.8996224969219486,0.017362475395202637,0.014662452074599422,7.584076881408691,0.905301424031352,-0.03472749392191569,0.02932406850561276,-0.0010610983053132756,4.2881046542484464e-05,0.0,0.0,0.49426767230033875,4.689598793129979e-05,0.0,0.0,0.0,0.0,0.5138656497001648,0.00030228396139072477,0.5138656497001648,0.00030228396139072477,1.0,0.0,62.43670654296875,0.0,62.43670654296875,0.0,62.43670654296875,0.0,62.43670654296875,216.1778310139974,0.07234321804083096,216.0677947998047,216.3298797607422,1.0809590816497803,0.00020087572621975397,1.0804100036621094,1.0817195177078247,214.99014790852866,0.06301943152897478,214.90768432617188,215.0713348388672
bc,19,305,320,3,0.0005651677298980454,0.00015468783121548035,1.3040822347005208,0.014929775618286612,1.3181386788686116,0.001686510213895611,9.18594773610433,0.48184126661549426,9.185946782430014,0.4818421880720407,9.193802833557129,0.48245965857901335,9.193802833557129,0.48245965857901335,1.3040822347005208,0.014929775618286612,7.889720598856608,0.47211701463552375,0.007027745246887207,0.006621399608259909,7.874836802482605,0.4760645790537793,-0.014057397842407227,0.013244444366293196,-0.0009958919057116618,4.026805440740176e-05,0.0,0.0,0.4941769341627757,2.6584612620522736e-05,0.0,0.0,0.0,0.0,0.5135243733723959,0.0003908213668168121,0.5135243733723959,0.0003908213668168121,1.0,0.0,62.43670654296875,0.0,62.43670654296875,0.0,62.43670654296875,0.0,62.43670654296875,216.15436808268228,0.06351793332552785,216.03720092773438,216.2903594970703,1.0808405876159668,0.00028766502843435566,1.0802600383758545,1.0815227031707764,214.8361358642578,0.07271156327946315,214.7528533935547,214.91778564453125
bc,20,321,336,3,0.0005593334790319204,0.00012487075875963858,1.312667727470398,0.05952119839196212,1.318373481432597,0.0015659905275962561,8.96310806274414,0.21389175578384995,8.963107426961264,0.21389311385189663,8.970285097757975,0.21423120131228043,8.970285097757975,0.21423120131228043,1.312667727470398,0.05952119839196212,7.657617370287578,0.15610252681731196,0.0028525590896606445,0.029411326220194454,7.647587140401204,0.1845216194168018,-0.005706389745076497,0.0588257982190019,-0.0009378798301590644,2.8029830982838545e-05,0.0,0.0,0.4941474994023641,1.9917771504774572e-05,0.0,0.0,0.0,0.0,0.5132345159848531,0.00042412340917966204,0.5132345159848531,0.00042412340917966204,1.0,0.0,62.43670654296875,0.0,62.43670654296875,0.0,62.43670654296875,0.0,62.43670654296875,216.17367045084634,0.05370998354628186,216.0198211669922,216.3173065185547,1.0809375842412312,0.00021617602906571647,1.0801633596420288,1.0816582441329956,214.68188985188803,0.051797961883114946,214.60128784179688,214.76780700683594
bc,21,337,352,3,0.0006168005153692017,0.00022258689393209115,1.2463581959406536,0.029617911716135994,1.317519227663676,0.0013705054832458521,8.927645365397135,0.5281708576911252,8.927644411722818,0.5281691762590395,8.933792114257812,0.5285984962290241,8.933792114257812,0.5285984962290241,1.2463581959406536,0.029617911716135994,7.687433918317159,0.5065717736995824,0.03558003902435303,0.014401751878199288,7.6457061767578125,0.5171193173154508,-0.07116198539733887,0.028803234330373517,-0.0008002085696194872,2.9375046578575404e-05,0.0,0.0,0.49404410521189374,0.00010444083173796557,0.0,0.0,0.0,0.0,0.5130285223325094,0.00035001870548308635,0.5130285223325094,0.00035001870548308635,1.0,0.0,62.43670654296875,0.0,62.43670654296875,0.0,62.43670654296875,0.0,62.43670654296875,216.18297322591147,0.08900502437895995,215.98597717285156,216.3018341064453,1.0809838771820068,0.00020613228921622937,1.080005407333374,1.0815768241882324,214.5290730794271,0.06303812404934342,214.44866943359375,214.61122131347656
bc,22,353,368,3,0.000601460759450371,0.0001760912808308937,1.2485204935073853,0.03446691550092347,1.3177663485209148,0.0013585392126526314,8.70931625366211,0.24354000624081779,8.709314982096354,0.24354109420624104,8.715062777201334,0.24422675721221168,8.715062777201334,0.24422675721221168,1.2485204935073853,0.03446691550092347,7.46654228369395,0.25465267864391666,0.03462229172388712,0.017011071823224814,7.426172196865082,0.24889541575718038,-0.06924712657928467,0.03402203760763042,-0.0007689695736634583,6.544536402563869e-05,0.0,0.0,0.4939798414707184,0.00014043815325198437,0.0,0.0,0.0,0.0,0.5127103527386984,0.00032379166712319656,0.5127103527386984,0.00032379166712319656,1.0,0.0,62.43670654296875,0.0,62.43670654296875,0.0,62.43670654296875,0.0,62.43670654296875,216.1773478190104,0.08852002830809227,216.0699005126953,216.3282470703125,1.0809559027353923,0.000488890550979947,1.0804206132888794,1.0817054510116577,214.3751017252604,0.05175558690749452,214.2952880859375,214.4575653076172
bc,23,369,384,3,0.0004917916473156462,5.075214126912538e-05,1.3052630424499512,0.05600688801501146,1.3156137863794963,0.002316980076724535,9.10842514038086,0.35314084995665157,9.108424504597982,0.353140922958051,9.114484151204428,0.3534265709700353,9.114484151204428,0.3534265709700353,1.3052630424499512,0.05600688801501146,7.809221108754476,0.3993042140309165,0.00517505407333374,0.026876143568571736,7.797986408074697,0.3765047116482891,-0.01035137971242269,0.05375151362303211,-0.0007765815838579234,2.201686715837174e-05,0.0,0.0,0.4938933650652568,0.00015400833983486632,0.0,0.0,0.0,0.0,0.5124232172966003,0.00029570618783036375,0.5124232172966003,0.00029570618783036375,1.0,0.0,62.43670654296875,0.0,62.43670654296875,0.0,62.43670654296875,0.0,62.43670654296875,216.16129048665366,0.0854423377979061,216.0379180908203,216.3056640625,1.0808757543563843,0.00031497255513949216,1.0802561044692993,1.081601858139038,214.22134399414062,0.0726685523345389,214.14125061035156,214.3046875
bc,24,385,400,3,0.0004904745534683267,2.0330296093863797e-05,1.273884932200114,0.02601351403689002,1.31477952003479,0.0010290495886541946,9.147106170654297,0.28137452697638227,9.14710553487142,0.2813727107212277,9.152909914652506,0.28146099561936755,9.152909914652506,0.28146099561936755,1.273884932200114,0.02601351403689002,7.879024982452393,0.26463712668896416,0.02044697602589925,0.012583357225965326,7.852773626645406,0.2727110650628722,-0.04089522361755371,0.02516600378456469,-0.0007374397786095906,4.665452533572446e-05,0.0,0.0,0.49394233028093976,0.00014323372332579815,0.0,0.0,0.0,0.0,0.5122124751408895,0.00021192527074713886,0.5122124751408895,0.00021192527074713886,1.0,0.0,62.43670654296875,0.0,62.43670654296875,0.0,62.43670654296875,0.0,62.43670654296875,216.16781616210938,0.07462037334691034,216.02951049804688,216.33157348632812,1.0809071063995361,0.00040991085663278243,1.0802162885665894,1.0817370414733887,214.06897481282553,0.009680971534439501,213.98829650878906,214.1532745361328
bc,25,401,416,3,0.0006232147570699453,6.569589265256489e-05,1.2587059338887532,0.02472080034624368,1.3162945906321208,0.0015920445131386994,8.766952832539877,0.1438283432664057,8.76695187886556,0.14382782268551653,8.772117614746094,0.14417960408248523,8.772117614746094,0.14417960408248523,1.2587059338887532,0.02472080034624368,7.513411680857341,0.15239736058467793,0.028793851534525555,0.011628141534646398,7.479452093442281,0.1474240988045567,-0.05758961041768392,0.02325810882336479,-0.0006875125661240192,4.082283716695776e-05,0.0,0.0,0.49383973081906635,0.0001400631706315258,0.0,0.0,0.0,0.0,0.5119215250015259,0.00019771017005539232,0.5119215250015259,0.00019771017005539232,1.0,0.0,62.43670654296875,0.0,62.43670654296875,0.0,62.43670654296875,0.0,62.43670654296875,216.16233825683594,0.04071520158518407,216.03524780273438,216.273681640625,1.0808798869450886,0.0002207596877134599,1.0802546739578247,1.081439733505249,213.91675821940103,0.008948126033158968,213.8376922607422,214.00308227539062
bc,26,417,432,3,0.0005789289522605637,0.00011131062949731472,1.2559476296106975,0.06220364963224727,1.315317948659261,0.002261416914321425,8.889494260152182,0.40056837734275547,8.889494260152182,0.40056877867571766,8.894511858622232,0.400823980616688,8.894511858622232,0.400823980616688,1.2559476296106975,0.06220364963224727,7.638564229011536,0.34069591719668146,0.02968515952428182,0.031776480772144344,7.6038614710172014,0.370830552473268,-0.05937031904856364,0.06355288718345943,-0.000657217513693927,3.912397622501625e-05,0.0,0.0,0.4938607116540273,0.0001223526508775392,0.0,0.0,0.0,0.0,0.5117103060086569,0.00020211078424468162,0.5117103060086569,0.00020211078424468162,1.0,0.0,62.43670654296875,0.0,62.43670654296875,0.0,62.43670654296875,0.0,62.43670654296875,216.1638946533203,0.06365092731618244,216.02162170410156,216.34922790527344,1.0808876355489094,0.00020825489232633416,1.0801806449890137,1.081813931465149,213.76384989420572,0.03722299026414857,213.6850128173828,213.8483428955078
bc,27,433,448,3,0.000448948247746254,7.57598859890055e-05,1.2991524934768677,0.02593554872065858,1.3140385548273723,0.002089087671014188,9.366568883260092,0.3111359551926544,9.366568565368652,0.3111361592449784,9.371736526489258,0.31140554083254546,9.371736526489258,0.31140554083254546,1.2991524934768677,0.02593554872065858,8.07258403301239,0.3267589598590235,0.007442871729532878,0.013828668307045789,8.059973200162252,0.3186502045121404,-0.01488637924194336,0.0276546730007881,-0.0006404714898402553,6.51220000761739e-05,0.0,0.0,0.49375136693318683,0.00013168109635243284,0.0,0.0,0.0,0.0,0.5116026004155477,0.00027108030151324806,0.5116026004155477,0.00027108030151324806,1.0,0.0,62.43670654296875,0.0,62.43670654296875,0.0,62.43670654296875,0.0,62.43670654296875,216.16800944010416,0.05134591482361542,216.03587341308594,216.2926025390625,1.0809080203374226,0.0002833197653962872,1.0802465677261353,1.0815240144729614,213.6124013264974,0.05180366414981816,213.5327911376953,213.6962890625
bc,28,449,464,3,0.00047847968138133484,0.0001263705704040652,1.2647137641906738,0.03506254021485721,1.3138370116551716,0.0015751819349339123,8.938506444295248,0.42731532594164373,8.938506126403809,0.4273158396561605,8.943330764770508,0.4276302172223729,8.943330764770508,0.4276302172223729,1.2647137641906738,0.03506254021485721,7.678617000579834,0.39288180323896865,0.02456146478652954,0.018177443677608856,7.649230897426605,0.4106279758123651,-0.049123565355936684,0.03635594981796416,-0.0006284441236821999,5.978801345438801e-05,0.0,0.0,0.4936971763769786,0.00017275782503362123,0.0,0.0,0.0,0.0,0.5114122231801351,0.0002645402224846355,0.5114122231801351,0.0002645402224846355,1.0,0.0,62.43670654296875,0.0,62.43670654296875,0.0,62.43670654296875,0.0,62.43670654296875,216.14758809407553,0.06386872068804697,216.00146484375,216.2852020263672,1.0808062156041462,0.0003514511202374495,1.0800819396972656,1.0814862251281738,213.4600067138672,0.008284468610141859,213.38075256347656,213.54376220703125
bc,29,465,480,3,0.00041468262012737495,5.114328729721128e-05,1.273732582728068,0.018883799433802882,1.3141367832819622,0.0008467126801111039,9.005836486816406,0.2690165830960619,9.005837758382162,0.26901793719494593,9.010576566060385,0.26891744935177947,9.010576566060385,0.26891744935177947,1.273732582728068,0.018883799433802882,7.736843983332316,0.26275517127190395,0.020202736059824627,0.009572331759098421,7.711902439594269,0.26621318951526457,-0.04040292898813883,0.01914475107235526,-0.000613664280037618,3.751866307473527e-05,0.0,0.0,0.4936162730058034,0.00012295083217888218,0.0,0.0,0.0,0.0,0.5111890037854513,0.00015143190038554254,0.5111890037854513,0.00015143190038554254,1.0,0.0,62.43670654296875,0.0,62.43670654296875,0.0,62.43670654296875,0.0,62.43670654296875,216.18502807617188,0.08243344496961405,215.98497009277344,216.29156494140625,1.0809942881266277,0.0004535989399544945,1.079988956451416,1.0815255641937256,213.30772399902344,0.0727263318261469,213.22467041015625,213.3911895751953
bc,30,481,488,3,0.0004264659364707768,0.00016766389201277145,1.5547295808792114,0.054447813848030435,1.5779072841008503,0.002059491697593515,5.460702419281006,0.2770543581552735,5.460702737172444,0.2770540156856041,5.462810039520264,0.2771824616030672,5.462810039520264,0.2771824616030672,1.5547295808792114,0.054447813848030435,3.9080804586410522,0.32891626178488836,0.0115890105565389,0.026295029914206427,3.8943841457366943,0.3035528568718098,-0.023177385330200195,0.05259098711307697,-0.0005401732766179279,1.206459720659733e-05,0.0,0.0,0.49356090029080707,9.181009837373168e-05,0.0,0.0,0.0,0.0,0.5110299189885458,0.0001648902502366934,0.5110299189885458,0.0001648902502366934,1.0,0.0,62.43670654296875,0.0,62.43670654296875,0.0,62.43670654296875,0.0,62.43670654296875,216.17127482096353,0.08592271080661053,216.06683349609375,216.35215759277344,1.0809234778086345,0.0004251265236834229,1.0804003477096558,1.081829309463501,213.19305928548178,0.03697351278810659,213.15133666992188,213.2372589111328
