seed,algorithm,window_index,start_step,end_step,mean_p_relative_change,C_00,C_10,C_01,C_11,C_BC,C_real,C_dynamic_clean_p,gap,E_cross,E_square,interaction,R_BC,nonpositive_v_fraction_00,nonpositive_v_fraction_10,nonpositive_v_fraction_01,nonpositive_v_fraction_11,nonpositive_v_fraction_BC
2,baseline,0,1,16,0.08615346997976303,1.1195926666259766,1.4717949628829956,7.724355220794678,7.72065544128418,1.54376220703125,7.72065544128418,1.1195926666259766,6.601062774658203,0.1742512583732605,6.426811516284943,-0.3559020757675171,0.9357422350180216,0.0,0.49857258796691895,0.0,0.0,0.5918801426887512
2,baseline,1,17,32,0.006512971594929695,1.2801896333694458,1.5306406021118164,13.433308601379395,13.43330192565918,1.447266697883606,13.43330192565918,1.2801896333694458,12.153112292289734,0.12522214651107788,12.027890145778656,-0.25045764446258545,0.9862523228210309,0.0,0.4972050189971924,0.0,0.0,0.5480221509933472
2,baseline,2,33,48,0.0034686375875025988,1.3031288385391235,1.4594454765319824,14.053483963012695,14.053476333618164,1.4182319641113281,14.053476333618164,1.3031288385391235,12.75034749507904,0.07815450429916382,12.672192990779877,-0.15632426738739014,0.9909725499154727,0.0,0.49637994170188904,0.0,0.0,0.5371807217597961
2,baseline,3,49,64,0.0025453059934079647,1.2880786657333374,1.40874183177948,13.88033676147461,13.880331039428711,1.3987867832183838,13.880331039428711,1.2880786657333374,12.592252373695374,0.06032872200012207,12.531923651695251,-0.12066888809204102,0.9912082354927773,0.0,0.4958688020706177,0.0,0.0,0.5315068960189819
2,baseline,4,65,80,0.0022661664988845587,1.3036713600158691,1.370750904083252,13.254130363464355,13.254121780395508,1.3835647106170654,13.254121780395508,1.3036713600158691,11.950450420379639,0.03353548049926758,11.916914939880371,-0.06708812713623047,0.9933146159524706,0.0,0.4955556094646454,0.0,0.0,0.5277761816978455
2,baseline,5,81,96,0.0013615071075037122,1.3224319219589233,1.3542227745056152,12.545858383178711,12.545855522155762,1.3763456344604492,12.545855522155762,1.3224319219589233,11.223423600196838,0.015893995761871338,11.207529604434967,-0.03179371356964111,0.9951963220473492,0.0,0.49550703167915344,0.0,0.0,0.5254057049751282
2,baseline,6,97,112,0.001113380305469036,1.3102306127548218,1.3468661308288574,11.886809349060059,11.886807441711426,1.3736718893051147,11.886807441711426,1.3102306127548218,10.576576828956604,0.018316805362701416,10.558260023593903,-0.03663742542266846,0.9940017193108641,0.0,0.4953705072402954,0.0,0.0,0.5235053300857544
2,baseline,7,113,128,0.0009547031368128955,1.1853663921356201,1.3394571542739868,11.309828758239746,11.309823989868164,1.3657795190811157,11.309823989868164,1.1853663921356201,10.124457597732544,0.07704299688339233,10.047414600849152,-0.15409553050994873,0.982180464957856,0.0,0.49516549706459045,0.0,0.0,0.522027313709259
2,baseline,8,129,144,0.0008012504549697042,1.2920361757278442,1.3354426622390747,10.839473724365234,10.839471817016602,1.362339973449707,10.839471817016602,1.2920361757278442,9.547435641288757,0.021702289581298828,9.525733351707458,-0.04340839385986328,0.9926363685115794,0.0,0.49502718448638916,0.0,0.0,0.5207162499427795
2,baseline,9,145,160,0.0006986485095694661,1.3468512296676636,1.3313024044036865,10.245348930358887,10.245347023010254,1.3572686910629272,10.245347023010254,1.3468512296676636,8.89849579334259,-0.007775366306304932,8.906271159648895,0.015546917915344238,0.9988293008574486,0.0,0.49486249685287476,0.0,0.0,0.5196254253387451
2,baseline,10,161,176,0.0006402248982340097,1.3026092052459717,1.3289202451705933,9.848739624023438,9.84874153137207,1.3546991348266602,9.84874153137207,1.3026092052459717,8.546132326126099,0.013156473636627197,8.532975852489471,-0.02630913257598877,0.9939048533777735,0.0,0.49458783864974976,0.0,0.0,0.5187898278236389
2,baseline,11,177,192,0.000709535030182451,1.322043538093567,1.329088568687439,9.666982650756836,9.666984558105469,1.3531103134155273,9.666984558105469,1.322043538093567,8.344941020011902,0.0035234689712524414,8.34141755104065,-0.007043123245239258,0.9962771725710872,0.0,0.49437016248703003,0.0,0.0,0.5177804827690125
2,baseline,12,193,208,0.0006127656670287251,1.221218228340149,1.3234249353408813,9.624377250671387,9.62437629699707,1.3497769832611084,9.62437629699707,1.221218228340149,8.403158068656921,0.05110287666320801,8.352055191993713,-0.10220766067504883,0.9847011380875397,0.0,0.49426501989364624,0.0,0.0,0.517141580581665
2,baseline,13,209,224,0.0006297846557572484,1.2370502948760986,1.3221746683120728,9.961763381958008,9.961764335632324,1.3475347757339478,9.961764335632324,1.2370502948760986,8.724714040756226,0.042562663555145264,8.68215137720108,-0.08512341976165771,0.9873366072123697,0.0,0.4942513704299927,0.0,0.0,0.5164716243743896
2,baseline,14,225,240,0.0005236344877630472,1.2594748735427856,1.3225910663604736,9.182504653930664,9.182502746582031,1.3459417819976807,9.182502746582031,1.2594748735427856,7.923027873039246,0.03155714273452759,7.891470730304718,-0.0631181001663208,0.9890866333123568,0.0,0.4941619336605072,0.0,0.0,0.515774667263031
2,baseline,15,241,256,0.00047434744192287326,1.2445136308670044,1.3207365274429321,8.916852951049805,8.916851043701172,1.345000982284546,8.916851043701172,1.2445136308670044,7.6723374128341675,0.03811049461364746,7.63422691822052,-0.07622480392456055,0.9869026417882185,0.0,0.4941287338733673,0.0,0.0,0.5153236985206604
2,baseline,16,257,272,0.000432607572292909,1.3137487173080444,1.3206942081451416,8.852981567382812,8.852982521057129,1.3444874286651611,8.852982521057129,1.3137487173080444,7.5392338037490845,0.003473222255706787,7.535760581493378,-0.006944537162780762,0.9959228335189936,0.0,0.4941682517528534,0.0,0.0,0.5148138403892517
2,baseline,17,273,288,0.000458000780781731,1.2548584938049316,1.3160589933395386,9.22243881225586,9.222437858581543,1.3416564464569092,9.222437858581543,1.2548584938049316,7.967579364776611,0.030599772930145264,7.936979591846466,-0.06120145320892334,0.9891061075543599,0.0,0.49406570196151733,0.0,0.0,0.5145140886306763
2,baseline,18,289,304,0.0004341979802120477,1.2505161762237549,1.3166687488555908,9.151448249816895,9.151448249816895,1.3400009870529175,9.151448249816895,1.2505161762237549,7.90093207359314,0.03307628631591797,7.867855787277222,-0.06615257263183594,0.9886741450254657,0.0,0.4938408136367798,0.0,0.0,0.5142131447792053
2,baseline,19,305,320,0.000444220524514094,1.2979916334152222,1.3175865411758423,9.032071113586426,9.032073020935059,1.338684320449829,9.032073020935059,1.2979916334152222,7.734081387519836,0.009798407554626465,7.72428297996521,-0.019593000411987305,0.9947385235562337,0.0,0.49383336305618286,0.0,0.0,0.5139648914337158
2,baseline,20,321,336,0.000613009266089648,1.2679601907730103,1.3160604238510132,9.061305046081543,9.061304092407227,1.3389413356781006,9.061304092407227,1.2679601907730103,7.793343901634216,0.02404963970184326,7.769294261932373,-0.048101186752319336,0.990892081011566,0.0,0.4936915934085846,0.0,0.0,0.513696014881134
2,baseline,21,337,352,0.0005472772754728794,1.2522096633911133,1.3168400526046753,9.356278419494629,9.356280326843262,1.3371915817260742,9.356280326843262,1.2522096633911133,8.104070663452148,0.03231614828109741,8.071754515171051,-0.0646284818649292,0.9895136750573741,0.0,0.4935886561870575,0.0,0.0,0.5134266018867493
2,baseline,22,353,368,0.0006007844349369407,1.2832399606704712,1.3174726963043213,8.336528778076172,8.336525917053223,1.3378905057907104,8.336525917053223,1.2832399606704712,7.0532859563827515,0.01711493730545044,7.036171019077301,-0.034235596656799316,0.9922517610290869,0.0,0.4935018718242645,0.0,0.0,0.5130730867385864
2,baseline,23,369,384,0.0005163497407920659,1.3682879209518433,1.317588448524475,8.228010177612305,8.228009223937988,1.33649480342865,8.228009223937988,1.3682879209518433,6.859721302986145,-0.025350213050842285,6.885071516036987,0.05069851875305176,1.004634753529907,0.0,0.49342355132102966,0.0,0.0,0.5127536654472351
2,baseline,24,385,400,0.00041803225758485496,1.2702139616012573,1.314856767654419,8.172181129455566,8.1721830368042,1.3352404832839966,8.1721830368042,1.2702139616012573,6.901969075202942,0.022322356700897217,6.879646718502045,-0.04464089870452881,0.990578555050853,0.0,0.49349817633628845,0.0,0.0,0.5124228596687317
2,baseline,25,401,416,0.0004040230705868453,1.277872920036316,1.317078948020935,8.424003601074219,8.424004554748535,1.3359029293060303,8.424004554748535,1.277872920036316,7.146131634712219,0.019603490829467773,7.1265281438827515,-0.039205074310302734,0.9918795213640014,0.0,0.49347296357154846,0.0,0.0,0.51207435131073
2,baseline,26,417,432,0.0004628156602848321,1.1925556659698486,1.3167128562927246,8.640828132629395,8.640829086303711,1.335420846939087,8.640829086303711,1.1925556659698486,7.448273420333862,0.06207907199859619,7.386194348335266,-0.12415623664855957,0.9808190203411149,0.0,0.49341464042663574,0.0,0.0,0.5118865966796875
2,baseline,27,433,448,0.00040021538734436035,1.2716411352157593,1.31471586227417,9.394109725952148,9.394108772277832,1.33306086063385,9.394108772277832,1.2716411352157593,8.122467637062073,0.02153688669204712,8.100930750370026,-0.04307568073272705,0.9924382923807737,0.0,0.4932422935962677,0.0,0.0,0.5118228197097778
2,baseline,28,449,464,0.00034841682645492256,1.2231472730636597,1.3135144710540771,8.65511417388916,8.65511417388916,1.3338916301727295,8.65511417388916,1.2231472730636597,7.4319669008255005,0.04518359899520874,7.386783301830292,-0.09036719799041748,0.985098916802661,0.0,0.4931890070438385,0.0,0.0,0.5116113424301147
2,baseline,29,465,480,0.0003725765855051577,1.2938272953033447,1.3148670196533203,8.844922065734863,8.844919204711914,1.3351354598999023,8.844919204711914,1.2938272953033447,7.551091909408569,0.010518431663513184,7.540573477745056,-0.021042585372924805,0.9945295110836768,0.0,0.4931374490261078,0.0,0.0,0.5112982392311096
2,baseline,30,481,488,0.0004273741797078401,1.4951075315475464,1.576823353767395,5.7690935134887695,5.769092082977295,1.5996273756027222,5.769092082977295,1.4951075315475464,4.2739845514297485,0.04085719585418701,4.2331273555755615,-0.08171725273132324,0.9755451048553249,0.0,0.4932253956794739,0.0,0.0,0.5111587643623352
