step,index,clean,dp
32,1,2.08080178708769381e-04,2.87313424050807953e-02
32,2,9.91658525890670717e-05,2.76951901614665985e-02
32,3,8.84414766915142536e-05,2.73177325725555420e-02
32,4,6.96336282999254763e-05,2.68824268132448196e-02
32,5,5.74823679926339537e-05,2.67536863684654236e-02
32,6,4.92713588755577803e-05,2.63376981019973755e-02
32,7,4.12573754147160798e-05,2.61897034943103790e-02
32,8,3.47004752256907523e-05,2.59014442563056946e-02
32,9,3.26011650031432509e-05,2.56866440176963806e-02
32,10,3.09527131321374327e-05,2.53141093999147415e-02
32,11,2.81012744380859658e-05,2.51222569495439529e-02
32,12,2.63035162788582966e-05,2.48872078955173492e-02
32,13,2.48072792601305991e-05,2.46976427733898163e-02
32,14,2.37501244555460289e-05,2.44201142340898514e-02
32,15,2.13311013794736937e-05,2.43205949664115906e-02
32,16,2.01786842808360234e-05,2.40429937839508057e-02
32,17,1.78757345565827563e-05,2.38921139389276505e-02
32,18,1.70925977727165446e-05,2.35168673098087311e-02
32,19,1.65176461450755596e-05,2.32768785208463669e-02
32,20,1.47533837662194856e-05,2.30747926980257034e-02
32,21,1.33976373035693541e-05,2.28811856359243393e-02
32,22,1.23446498037083074e-05,2.26941201835870743e-02
32,23,1.15289039968047291e-05,2.25601922720670700e-02
32,24,1.10133451016736217e-05,2.21546385437250137e-02
32,25,9.91631623037392274e-06,2.21180506050586700e-02
32,26,9.49800414673518389e-06,2.20285281538963318e-02
32,27,9.48017623159103096e-06,2.19323188066482544e-02
32,28,9.29675297811627388e-06,2.18155123293399811e-02
32,29,8.16848660178948194e-06,2.16555111110210419e-02
32,30,7.97746270109200850e-06,2.12922058999538422e-02
32,31,7.09805499354843050e-06,2.11785472929477692e-02
32,32,6.57809187032398768e-06,2.10500452667474747e-02
32,33,6.18187777945422567e-06,2.07610595971345901e-02
32,34,5.87453541811555624e-06,2.07287855446338654e-02
32,35,5.53678773940191604e-06,2.05162093043327332e-02
32,36,5.32116382601088844e-06,2.02051047235727310e-02
32,37,4.62621665064943954e-06,2.00315900146961212e-02
32,38,4.53053007731796242e-06,1.99560094624757767e-02
32,39,4.26510177931049839e-06,1.97820849716663361e-02
32,40,3.99635609937831759e-06,1.97054091840982437e-02
32,41,3.80704636882001068e-06,1.96543317288160324e-02
32,42,3.66306471732968930e-06,1.93175394088029861e-02
32,43,3.51363041772856377e-06,1.92398186773061752e-02
32,44,3.31882279169803951e-06,1.91195774823427200e-02
32,45,3.22008236253168434e-06,1.90222468227148056e-02
32,46,3.00415308629453648e-06,1.88011843711137772e-02
32,47,2.81578127214743290e-06,1.86828710138797760e-02
32,48,2.58023055721423589e-06,1.86064261943101883e-02
32,49,2.49550703301792964e-06,1.84401497244834900e-02
32,50,2.36116966334520839e-06,1.82767808437347412e-02
32,51,2.30210980589617975e-06,1.81405618786811829e-02
32,52,2.20321248889376875e-06,1.80096980184316635e-02
32,53,2.08147775992983952e-06,1.76699422299861908e-02
32,54,1.86778447641700041e-06,1.75900403410196304e-02
32,55,1.81288851308636367e-06,1.75642780959606171e-02
32,56,1.70651776443264680e-06,1.74664668738842010e-02
32,57,1.68665849287208403e-06,1.73621661961078644e-02
32,58,1.58020748131093569e-06,1.71642750501632690e-02
32,59,1.45810997764783679e-06,1.70877669006586075e-02
32,60,1.43138413477572612e-06,1.68524142354726791e-02
32,61,1.33949174596637022e-06,1.67266596108675003e-02
32,62,1.25077758639235981e-06,1.63095239549875259e-02
32,63,1.11154758997145109e-06,1.62634570151567459e-02
32,64,1.09684719973301981e-06,1.61258149892091751e-02
32,65,1.02871570106799481e-06,1.60017814487218857e-02
32,66,9.26708196402614703e-07,1.59312915056943893e-02
32,67,8.82905396792921238e-07,1.57566033303737640e-02
32,68,7.95916605511592934e-07,1.56908817589282990e-02
32,69,7.64241235629015137e-07,1.55628724023699760e-02
32,70,7.01944259162701201e-07,1.55051164329051971e-02
32,71,6.79890490573598072e-07,1.51941655203700066e-02
32,72,6.54291966384334955e-07,1.51278572157025337e-02
32,73,6.26271400960831670e-07,1.49613795801997185e-02
32,74,5.97064740759378765e-07,1.48684615269303322e-02
32,75,5.27400288774515502e-07,1.47438477724790573e-02
32,76,5.15405247369926656e-07,1.44230080768465996e-02
32,77,4.57437693057727301e-07,1.43755031749606133e-02
32,78,4.52204716339110746e-07,1.43534522503614426e-02
32,79,4.26851386237103725e-07,1.41591029241681099e-02
32,80,3.55550099584434065e-07,1.39353759586811066e-02
32,81,3.46179348298392142e-07,1.37276286259293556e-02
32,82,3.35526550543363555e-07,1.35428868234157562e-02
32,83,3.30063613773745601e-07,1.33790867403149605e-02
32,84,3.15234444769885158e-07,1.32372798398137093e-02
32,85,2.90457165874613565e-07,1.31875416263937950e-02
32,86,2.76582284186588367e-07,1.30380503833293915e-02
32,87,2.54548950806565699e-07,1.28843951970338821e-02
32,88,2.43742448446937487e-07,1.28498217090964317e-02
32,89,2.23938414478652703e-07,1.26549219712615013e-02
32,90,1.95355326582102862e-07,1.24592715874314308e-02
32,91,1.91752732803252002e-07,1.24195311218500137e-02
32,92,1.87334734391697566e-07,1.21044777333736420e-02
32,93,1.55553465219782083e-07,1.20773268863558769e-02
32,94,1.47380546877684537e-07,1.20296012610197067e-02
32,95,1.35432060233142693e-07,1.19298771023750305e-02
32,96,1.34383839167639962e-07,1.18965944275259972e-02
32,97,1.16750044298896682e-07,1.17701599374413490e-02
32,98,1.14808891282791592e-07,1.15260565653443336e-02
32,99,1.08486261751750135e-07,1.14246234297752380e-02
32,100,1.02706842142197274e-07,1.11841242760419846e-02
32,101,9.57414485469598731e-08,1.11127058044075966e-02
32,102,9.22191887298140500e-08,1.09942015260457993e-02
32,103,8.36932727565908863e-08,1.09242536127567291e-02
32,104,7.97711621203234245e-08,1.08175305649638176e-02
32,105,7.83590863306926622e-08,1.05963340029120445e-02
32,106,7.38038608005808783e-08,1.05542344972491264e-02
32,107,6.97235051916322845e-08,1.03463577106595039e-02
32,108,6.49662084128976858e-08,1.02123264223337173e-02
32,109,6.10613710705365520e-08,1.01305516436696053e-02
32,110,5.67948674756735272e-08,9.96227562427520752e-03
32,111,5.52834116263056785e-08,9.76761989295482635e-03
32,112,5.27854595588905795e-08,9.72965173423290253e-03
32,113,5.18922007586297696e-08,9.55358520150184631e-03
32,114,4.92135860952203075e-08,9.38237365335226059e-03
32,115,4.79643702533394389e-08,9.34639666229486465e-03
32,116,4.37510720985301305e-08,9.12971422076225281e-03
32,117,3.98270039170256496e-08,9.10380668938159943e-03
32,118,3.91074266303803597e-08,8.96046869456768036e-03
32,119,3.66083980907205842e-08,8.80947057157754898e-03
32,120,3.57823104479848553e-08,8.69036652147769928e-03
32,121,3.45001254231647181e-08,8.66479147225618362e-03
32,122,3.37418661899846484e-08,8.52534547448158264e-03
32,123,2.98878717330808286e-08,8.44626314938068390e-03
32,124,2.80398211316423840e-08,8.36830493062734604e-03
32,125,2.72313922522471330e-08,8.12288094311952591e-03
32,126,2.59097152621734494e-08,8.05913563817739487e-03
32,127,2.45694042888544573e-08,8.03361181169748306e-03
32,128,2.26358629618061968e-08,7.85708799958229065e-03
32,129,2.15768540812177889e-08,7.68698472529649734e-03
32,130,2.11292050522615682e-08,7.56202032789587975e-03
32,131,1.96876008828894555e-08,7.45848659425973892e-03
32,132,1.89593105659469074e-08,7.31405289843678474e-03
32,133,1.71704765961067096e-08,7.08544161170721054e-03
32,134,1.69391096704885058e-08,6.99570821598172188e-03
32,135,1.58766670921295372e-08,6.78266026079654694e-03
32,136,1.45299408060850510e-08,6.65034865960478783e-03
32,137,1.33642705790748550e-08,6.57367287203669548e-03
32,138,1.24454482275382361e-08,6.55046338215470314e-03
32,139,1.20547110071811403e-08,6.31099427118897438e-03
32,140,1.16510543435310865e-08,6.21332228183746338e-03
32,141,1.10869180502959352e-08,6.10382761806249619e-03
32,142,1.02657899958558119e-08,5.96376555040478706e-03
32,143,1.00628341215269757e-08,5.89353917166590691e-03
32,144,9.51017664618802883e-09,5.82743342965841293e-03
32,145,8.85796680449857377e-09,5.73140755295753479e-03
32,146,8.55575077451931065e-09,5.51689369603991508e-03
32,147,8.11419109680855399e-09,5.43422345072031021e-03
32,148,7.62666552134305675e-09,5.22887473925948143e-03
32,149,6.87867274251630079e-09,5.12687209993600845e-03
32,150,6.50176801286761474e-09,4.97814733535051346e-03
32,151,5.83934411935160824e-09,4.86779399216175079e-03
32,152,5.61775204133141415e-09,4.68886038288474083e-03
32,153,5.03232078230553270e-09,4.62135532870888710e-03
32,154,4.62132421219507705e-09,4.51915292069315910e-03
32,155,4.38922853618350928e-09,4.47721872478723526e-03
32,156,4.05362898803218741e-09,4.22594323754310608e-03
32,157,3.59705421004719028e-09,4.18636156246066093e-03
32,158,3.49753093153992722e-09,4.14344994351267815e-03
32,159,3.33296146237671564e-09,3.86623898521065712e-03
32,160,2.95341151534955770e-09,3.64174996502697468e-03
32,161,2.67481814475445390e-09,3.61761287786066532e-03
32,162,2.36689334798256823e-09,3.58175113797187805e-03
32,163,2.17224238596713803e-09,3.37708555161952972e-03
32,164,1.84218351684251047e-09,3.26926261186599731e-03
32,165,1.49233503332624196e-09,3.19235352799296379e-03
32,166,1.42775635758596309e-09,3.10793635435402393e-03
32,167,1.37550704160105397e-09,2.91241705417633057e-03
32,168,9.67007696139887685e-10,2.81594810076057911e-03
32,169,8.09652567212992835e-10,2.74138315580785275e-03
32,170,7.27248428145088610e-10,2.52722762525081635e-03
32,171,4.99355001792878284e-10,2.45055649429559708e-03
32,172,4.72885564040126383e-10,2.35282303765416145e-03
32,173,3.56918189448052203e-10,2.32882867567241192e-03
32,174,2.66815736171821527e-10,2.17681704089045525e-03
32,175,2.23483231920340586e-10,2.14171316474676132e-03
32,176,2.02897726397921474e-10,2.06733471713960171e-03
32,177,1.48755369133724002e-10,1.91881461068987846e-03
32,178,9.96441401612813138e-11,1.69035699218511581e-03
32,179,8.81684447673336535e-11,1.60882389172911644e-03
32,180,6.40169861565453857e-11,1.48125819396227598e-03
32,181,3.81030658413994416e-11,1.32926623336970806e-03
32,182,3.49222907536361760e-11,1.26840220764279366e-03
32,183,3.27346205697409687e-11,1.11166085116565228e-03
32,184,2.42011341522463397e-11,1.05648976750671864e-03
32,185,1.90402103805720202e-11,8.59968771692365408e-04
32,186,1.63604824132690396e-11,7.45786877814680338e-04
32,187,1.33147338640671187e-11,6.39242178294807673e-04
32,188,8.38046299023176289e-12,5.32839389052242041e-04
32,189,7.37095280645139184e-12,3.87755862902849913e-04
32,190,6.44223736856464058e-12,2.95524543616920710e-04
32,191,1.47282479181359838e-12,1.69620514498092234e-04
32,192,6.67568376879618119e-13,1.11699278932064772e-04
244,1,2.74046142294537276e-05,2.88171824067831039e-02
244,2,2.31255671678809449e-05,2.85976268351078033e-02
244,3,2.00732192752184346e-05,2.79458928853273392e-02
244,4,1.28390720419702120e-05,2.75388360023498535e-02
244,5,1.22362689580768347e-05,2.74571646004915237e-02
244,6,1.08557505882345140e-05,2.69329044967889786e-02
244,7,9.74002705333987251e-06,2.67506781965494156e-02
244,8,8.88795511855278164e-06,2.65030395239591599e-02
244,9,7.79880247137043625e-06,2.61189192533493042e-02
244,10,7.62447234592400491e-06,2.59255059063434601e-02
244,11,7.03963496562209912e-06,2.57620736956596375e-02
244,12,6.32414685242110863e-06,2.53290291875600815e-02
244,13,5.94154744248953648e-06,2.51762904226779938e-02
244,14,5.43312989975675009e-06,2.48054396361112595e-02
244,15,4.93036031912197359e-06,2.45687086135149002e-02
244,16,4.86673388877534308e-06,2.43973825126886368e-02
244,17,4.56874113297089934e-06,2.41302959620952606e-02
244,18,4.45062232756754383e-06,2.39153802394866943e-02
244,19,4.21029471908695996e-06,2.38016992807388306e-02
244,20,3.85430485039250925e-06,2.37403810024261475e-02
244,21,3.73243642570741940e-06,2.35370788723230362e-02
244,22,3.56297937287308741e-06,2.33536306768655777e-02
244,23,3.22651794704142958e-06,2.31703072786331177e-02
244,24,3.15856959787197411e-06,2.30105575174093246e-02
244,25,3.05390040011843666e-06,2.28209272027015686e-02
244,26,2.91217611447791569e-06,2.26300731301307678e-02
244,27,2.62421667684975546e-06,2.24489681422710419e-02
244,28,2.49335607804823667e-06,2.21567116677761078e-02
244,29,2.35628158407052979e-06,2.19851955771446228e-02
244,30,2.17450360651127994e-06,2.17599105089902878e-02
244,31,2.04027674044482410e-06,2.16504391282796860e-02
244,32,1.90854279935592785e-06,2.15371921658515930e-02
244,33,1.89714910447946750e-06,2.11377944797277451e-02
244,34,1.76910737081925618e-06,2.10163965821266174e-02
244,35,1.73669309333490673e-06,2.09456831216812134e-02
244,36,1.55064867612964008e-06,2.07656584680080414e-02
244,37,1.49044660702202236e-06,2.06661522388458252e-02
244,38,1.43314753131562611e-06,2.02774647623300552e-02
244,39,1.30688215449481504e-06,2.02336646616458893e-02
244,40,1.19367791739932727e-06,2.00804937630891800e-02
244,41,1.17170191060722573e-06,1.98238771408796310e-02
244,42,1.09621419142058585e-06,1.96339320391416550e-02
244,43,1.07420271433511516e-06,1.94361284375190735e-02
244,44,1.01533737506542820e-06,1.93751454353332520e-02
244,45,9.60665943239291664e-07,1.92744899541139603e-02
244,46,8.74907470915786689e-07,1.90631803125143051e-02
244,47,8.16805538761400385e-07,1.88979953527450562e-02
244,48,7.81691710471932311e-07,1.87886673957109451e-02
244,49,7.63436958095553564e-07,1.85759719461202621e-02
244,50,7.18679245892417384e-07,1.85060054063796997e-02
244,51,6.65655647935636807e-07,1.83864589780569077e-02
244,52,6.59540717151685385e-07,1.81626118719577789e-02
244,53,6.07645688432967290e-07,1.80793926119804382e-02
244,54,5.55129304302681703e-07,1.78004689514636993e-02
244,55,5.36583854682248784e-07,1.75965446978807449e-02
244,56,4.93801849188457709e-07,1.74080766737461090e-02
244,57,4.74641552727916860e-07,1.72953661531209946e-02
244,58,4.39891323367191944e-07,1.72000601887702942e-02
244,59,4.10511262316504144e-07,1.70499309897422791e-02
244,60,3.73882926396618132e-07,1.69617459177970886e-02
244,61,3.66429645737298415e-07,1.68972909450531006e-02
244,62,3.60506106744651333e-07,1.67391244322061539e-02
244,63,3.33050309109239606e-07,1.65619365870952606e-02
244,64,3.02952997799366130e-07,1.64864994585514069e-02
244,65,2.91319565803860314e-07,1.63394622504711151e-02
244,66,2.62572939391247928e-07,1.61580462008714676e-02
244,67,2.45311781554846675e-07,1.60269439220428467e-02
244,68,2.27404541419673478e-07,1.58265363425016403e-02
244,69,2.18394589523995819e-07,1.57046932727098465e-02
244,70,2.10661426081060199e-07,1.56041234731674194e-02
244,71,2.01185997639186098e-07,1.53965735808014870e-02
244,72,1.70216338801765232e-07,1.51567980647087097e-02
244,73,1.59337602667619649e-07,1.50236263871192932e-02
244,74,1.52432150457570970e-07,1.49023206904530525e-02
244,75,1.43910227734522778e-07,1.46823786199092865e-02
244,76,1.39817061040048429e-07,1.45899876952171326e-02
244,77,1.31274461523389618e-07,1.43948402255773544e-02
244,78,1.16907187930337386e-07,1.41869122162461281e-02
244,79,1.12760851322946110e-07,1.40519002452492714e-02
244,80,1.07877717425708397e-07,1.39544792473316193e-02
244,81,1.05956793561290397e-07,1.38961803168058395e-02
244,82,9.50571035218672478e-08,1.38289891183376312e-02
244,83,8.93612650543218479e-08,1.36914206668734550e-02
244,84,8.24365571361340699e-08,1.35231176391243935e-02
244,85,7.45470600804765127e-08,1.34903574362397194e-02
244,86,7.01832121308143542e-08,1.32131306454539299e-02
244,87,6.69861819346806442e-08,1.31135461851954460e-02
244,88,6.21016766899629147e-08,1.30118718370795250e-02
244,89,6.08719616934649821e-08,1.28373177722096443e-02
244,90,5.76289203024771268e-08,1.26542290672659874e-02
244,91,5.44560023740814358e-08,1.26364426687359810e-02
244,92,5.27618304602128774e-08,1.24958893284201622e-02
244,93,4.87363429613196786e-08,1.22128808870911598e-02
244,94,4.78120050217967218e-08,1.21267335489392281e-02
244,95,4.53405029077202926e-08,1.20300631970167160e-02
244,96,4.38315304052139254e-08,1.20082302019000053e-02
244,97,4.13966070311744261e-08,1.17633510380983353e-02
244,98,3.86382801309537172e-08,1.16935446858406067e-02
244,99,3.61270622306619771e-08,1.15366047248244286e-02
244,100,3.47636479602897452e-08,1.14054586738348007e-02
244,101,3.18039177216178359e-08,1.13754142075777054e-02
244,102,2.94797644073696574e-08,1.11144464462995529e-02
244,103,2.71638160853626687e-08,1.10130803659558296e-02
244,104,2.62330566158652800e-08,1.09268147498369217e-02
244,105,2.45836844214863959e-08,1.07765048742294312e-02
244,106,2.45138593868432508e-08,1.06495823711156845e-02
244,107,2.34831034617855039e-08,1.05311358347535133e-02
244,108,2.16428759358677780e-08,1.03672202676534653e-02
244,109,2.08886561381405045e-08,1.03624342009425163e-02
244,110,1.92600726478531215e-08,1.02569973096251488e-02
244,111,1.82834671846876518e-08,9.90149192512035370e-03
244,112,1.76131198514895004e-08,9.80660784989595413e-03
244,113,1.70753118311495200e-08,9.72844287753105164e-03
244,114,1.60525157610891256e-08,9.56359691917896271e-03
244,115,1.57150541468809024e-08,9.48253553360700607e-03
244,116,1.48185375081766324e-08,9.38744656741619110e-03
244,117,1.42463703056705526e-08,9.24529321491718292e-03
244,118,1.34476163538010951e-08,9.12154838442802429e-03
244,119,1.22053132045607526e-08,8.96053668111562729e-03
244,120,1.17577148017744548e-08,8.93117766827344894e-03
244,121,1.10805142838898973e-08,8.91018565744161606e-03
244,122,1.08731290637820166e-08,8.76757875084877014e-03
244,123,9.86887105369760320e-09,8.55314545333385468e-03
244,124,9.47211020729810116e-09,8.46073962748050690e-03
244,125,8.83713546784292703e-09,8.38203821331262589e-03
244,126,8.30659718786819212e-09,8.17933212965726852e-03
244,127,8.11107714326908535e-09,7.90474843233823776e-03
244,128,7.87634135690495896e-09,7.84545857459306717e-03
244,129,7.52915774171469820e-09,7.67255341634154320e-03
244,130,6.95078705703622290e-09,7.59235816076397896e-03
244,131,6.60421273224187644e-09,7.45795900002121925e-03
244,132,6.27867091651523879e-09,7.32016656547784805e-03
244,133,6.08019501413537000e-09,7.29572447016835213e-03
244,134,5.61739721405274395e-09,6.98288809508085251e-03
244,135,5.40961986317256560e-09,6.88025308772921562e-03
244,136,5.24267784740573006e-09,6.82798447087407112e-03
244,137,4.74617678491995321e-09,6.68280990794301033e-03
244,138,4.64996485760593714e-09,6.53083156794309616e-03
244,139,4.35420988154078259e-09,6.47848239168524742e-03
244,140,4.22110746356452182e-09,6.37054070830345154e-03
244,141,3.85124820923010702e-09,6.28450931981205940e-03
244,142,3.75569353394666905e-09,6.10473984852433205e-03
244,143,3.56353968555822576e-09,5.97227457910776138e-03
244,144,3.40577810398201564e-09,5.95153309404850006e-03
244,145,3.06727643284432361e-09,5.83690218627452850e-03
244,146,2.79084999554868318e-09,5.63177000731229782e-03
244,147,2.50545562074933059e-09,5.46512193977832794e-03
244,148,2.18596296619466557e-09,5.37748262286186218e-03
244,149,2.17227658083629649e-09,5.19440695643424988e-03
244,150,1.99274463597021168e-09,5.10358950123190880e-03
244,151,1.94069760262038926e-09,5.07938023656606674e-03
244,152,1.83372561579631110e-09,4.81001613661646843e-03
244,153,1.74991543477887035e-09,4.68560168519616127e-03
244,154,1.61772251150438251e-09,4.58602281287312508e-03
244,155,1.52635226680075675e-09,4.38788719475269318e-03
244,156,1.41321954139073114e-09,4.29237773641943932e-03
244,157,1.24335941542597084e-09,4.18027117848396301e-03
244,158,1.13174192239995364e-09,4.09093592315912247e-03
244,159,1.05918229742485437e-09,3.97544866427779198e-03
244,160,8.63642046766699423e-10,3.93422506749629974e-03
244,161,8.27582169460328032e-10,3.63660510629415512e-03
244,162,7.14067194262923977e-10,3.53384343907237053e-03
244,163,6.72438271731579107e-10,3.48932854831218719e-03
244,164,6.54098830654703534e-10,3.38073447346687317e-03
244,165,6.13831541151910187e-10,3.19586414843797684e-03
244,166,4.81952644459937574e-10,3.16671933978796005e-03
244,167,4.06042449663246430e-10,3.00193787552416325e-03
244,168,3.46454087640779562e-10,2.87666916847229004e-03
244,169,3.24066301571335202e-10,2.80814454890787601e-03
244,170,2.46262232828087235e-10,2.70157121121883392e-03
244,171,2.35499120204707424e-10,2.54666572436690331e-03
244,172,1.94772489803263227e-10,2.41625052876770496e-03
244,173,1.35548461344114912e-10,2.20366381108760834e-03
244,174,1.23743210123095082e-10,2.09152349270880222e-03
244,175,1.00494036703313583e-10,1.96752464398741722e-03
244,176,6.46526235326128074e-11,1.84760591946542263e-03
244,177,5.31921347246555598e-11,1.81547855027019978e-03
244,178,4.27064668351295751e-11,1.67875154875218868e-03
244,179,2.77587935276768505e-11,1.64260889869183302e-03
244,180,2.62135625705983699e-11,1.55315129086375237e-03
244,181,2.07126555490377839e-11,1.36699457652866840e-03
244,182,1.54486423653565907e-11,1.27756560686975718e-03
244,183,1.24136716531109137e-11,1.21157546527683735e-03
244,184,1.09528358605004428e-11,1.07918423600494862e-03
244,185,8.98715303565555956e-12,8.90369410626590252e-04
244,186,7.65555500936709876e-12,6.80376717355102301e-04
244,187,5.59061824612072655e-12,6.60278426948934793e-04
244,188,4.52430367475775697e-12,5.38202584721148014e-04
244,189,3.31504116692082906e-12,3.93063470255583525e-04
244,190,1.19559126054297193e-12,2.74710240773856640e-04
244,191,9.85284336757485946e-13,2.57534033153206110e-04
244,192,8.23125408436729822e-14,9.88912797765806317e-05
480,1,1.62436426762724295e-05,2.92492974549531937e-02
480,2,1.00505003501893952e-05,2.84126345068216324e-02
480,3,8.63309378473786637e-06,2.81046126037836075e-02
480,4,7.44529643270652741e-06,2.78164688497781754e-02
480,5,7.13104464011848904e-06,2.73154228925704956e-02
480,6,5.81256927034701221e-06,2.70270220935344696e-02
480,7,4.79895697935717180e-06,2.65839230269193649e-02
480,8,4.58240629086503759e-06,2.64112781733274460e-02
480,9,4.49141953140497208e-06,2.62816697359085083e-02
480,10,4.10092025049380027e-06,2.59502697736024857e-02
480,11,3.81622567147132941e-06,2.56351642310619354e-02
480,12,3.39800863002892584e-06,2.56047062575817108e-02
480,13,3.22129744745325297e-06,2.53072790801525116e-02
480,14,2.70180566985800397e-06,2.50118467956781387e-02
480,15,2.45538899434905034e-06,2.48893965035676956e-02
480,16,2.24167456508439500e-06,2.47486978769302368e-02
480,17,2.09861582334269769e-06,2.43981406092643738e-02
480,18,1.98404427464993205e-06,2.40808296948671341e-02
480,19,1.87269131401990307e-06,2.37599648535251617e-02
480,20,1.77716742655320559e-06,2.36441027373075485e-02
480,21,1.62845242357434472e-06,2.35414393246173859e-02
480,22,1.56211444846121594e-06,2.32602506875991821e-02
480,23,1.44113118949462660e-06,2.29539684951305389e-02
480,24,1.38375173719396116e-06,2.28457599878311157e-02
480,25,1.33211074171413202e-06,2.25855205208063126e-02
480,26,1.25882411339262035e-06,2.23376266658306122e-02
480,27,1.12620671188778942e-06,2.20036767423152924e-02
480,28,1.09342272480716929e-06,2.18003299087285995e-02
480,29,1.00773434041911969e-06,2.16436218470335007e-02
480,30,9.64655896495969500e-07,2.14557312428951263e-02
480,31,9.17593524718540721e-07,2.12029591202735901e-02
480,32,9.12429015897942008e-07,2.10763402283191681e-02
480,33,8.63663274230930256e-07,2.08626613020896912e-02
480,34,8.33272792988282163e-07,2.08322573453187943e-02
480,35,7.72705504914483754e-07,2.06733718514442444e-02
480,36,7.28387647086492507e-07,2.05392912030220032e-02
480,37,6.65660422782821115e-07,2.02860254794359207e-02
480,38,6.36418008070904762e-07,2.02113501727581024e-02
480,39,6.09424773756472860e-07,1.99993457645177841e-02
480,40,6.03722753567126347e-07,1.98952592909336090e-02
480,41,5.71106568258983316e-07,1.97209957987070084e-02
480,42,5.23727351264824392e-07,1.94813739508390427e-02
480,43,5.13152201619959669e-07,1.93844307214021683e-02
480,44,4.78213678434258327e-07,1.93252805620431900e-02
480,45,4.41627804548261338e-07,1.90842654556035995e-02
480,46,3.85630585242324742e-07,1.89086291939020157e-02
480,47,3.77248198901725118e-07,1.87714807689189911e-02
480,48,3.35665362172221649e-07,1.86263769865036011e-02
480,49,3.16594508831258281e-07,1.84285677969455719e-02
480,50,3.11908763706014724e-07,1.82805377990007401e-02
480,51,3.01703238392292405e-07,1.82278603315353394e-02
480,52,2.62921616922540125e-07,1.80485043674707413e-02
480,53,2.56247716379220947e-07,1.79242957383394241e-02
480,54,2.43754925577377435e-07,1.78510025143623352e-02
480,55,2.30954555036078091e-07,1.76266841590404510e-02
480,56,2.13004838656161155e-07,1.74678359180688858e-02
480,57,1.99397192091055331e-07,1.72776561230421066e-02
480,58,1.96236541682992538e-07,1.71688999980688095e-02
480,59,1.83429918365618505e-07,1.69942025095224380e-02
480,60,1.75927766576933209e-07,1.68133210390806198e-02
480,61,1.60814437322187587e-07,1.67700294405221939e-02
480,62,1.55116410383016046e-07,1.67394187301397324e-02
480,63,1.39039613600289158e-07,1.65696758776903152e-02
480,64,1.34487095238000620e-07,1.64955649524927139e-02
480,65,1.28227711115869170e-07,1.62675827741622925e-02
480,66,1.14116858185298042e-07,1.60455983132123947e-02
480,67,1.10297868616271444e-07,1.58857796341180801e-02
480,68,9.72846621039025194e-08,1.57608911395072937e-02
480,69,9.12230788685519656e-08,1.55206294730305672e-02
480,70,8.68968115241841588e-08,1.54070984572172165e-02
480,71,7.93219214756391011e-08,1.53184011578559875e-02
480,72,7.69113270848720276e-08,1.51531556621193886e-02
480,73,6.97168474061982124e-08,1.50262517854571342e-02
480,74,6.63033219439057575e-08,1.48559436202049255e-02
480,75,6.24784206593176350e-08,1.46661251783370972e-02
480,76,5.96540274955259520e-08,1.45853497087955475e-02
480,77,5.26331724870487960e-08,1.45177571102976799e-02
480,78,4.99274932508342317e-08,1.43429320305585861e-02
480,79,4.64508680408926011e-08,1.42100509256124496e-02
480,80,4.30389590633240005e-08,1.40406899154186249e-02
480,81,4.10824299024170614e-08,1.40108503401279449e-02
480,82,4.10209395340643823e-08,1.39212775975465775e-02
480,83,3.63896113242390129e-08,1.37649253010749817e-02
480,84,3.43121442369920260e-08,1.35085657238960266e-02
480,85,3.15817594298550830e-08,1.33493840694427490e-02
480,86,2.95708524333804235e-08,1.32388053461909294e-02
480,87,2.85353074502836535e-08,1.29789095371961594e-02
480,88,2.75159539597780167e-08,1.28451129421591759e-02
480,89,2.48393607904517921e-08,1.27879893407225609e-02
480,90,2.25357403849102411e-08,1.27345742657780647e-02
480,91,2.17912443645218445e-08,1.26097798347473145e-02
480,92,2.06009929115680279e-08,1.24899381771683693e-02
480,93,1.87995254918860155e-08,1.23879583552479744e-02
480,94,1.78879009382626464e-08,1.23595846816897392e-02
480,95,1.77224350750293524e-08,1.21927233412861824e-02
480,96,1.60388555769941377e-08,1.19117423892021179e-02
480,97,1.56983794852294523e-08,1.17801595479249954e-02
480,98,1.50163703693806383e-08,1.16811916232109070e-02
480,99,1.42265728086954368e-08,1.15315634757280350e-02
480,100,1.39057219072924454e-08,1.14494683220982552e-02
480,101,1.32945601194478513e-08,1.12717216834425926e-02
480,102,1.30436932366251312e-08,1.12497601658105850e-02
480,103,1.21826309040784508e-08,1.09931733459234238e-02
480,104,1.19082308458473562e-08,1.09094856306910515e-02
480,105,1.11773337252429883e-08,1.08274454250931740e-02
480,106,1.05356292579017463e-08,1.06265712529420853e-02
480,107,9.91657422844127723e-09,1.04085383936762810e-02
480,108,9.52330392323119668e-09,1.03681748732924461e-02
480,109,9.03694719056602480e-09,1.02006327360868454e-02
480,110,8.82854589434600712e-09,1.01023325696587563e-02
480,111,7.98889843167671643e-09,9.90318041294813156e-03
480,112,7.90764786984254897e-09,9.82423685491085052e-03
480,113,7.31040072921018691e-09,9.74796898663043976e-03
480,114,7.05998859373835330e-09,9.70069132745265961e-03
480,115,6.89656154406748101e-09,9.63080301880836487e-03
480,116,6.35571817397817540e-09,9.46869328618049622e-03
480,117,5.94113780394422974e-09,9.12778172641992569e-03
480,118,5.15478415508141552e-09,8.94463062286376953e-03
480,119,5.08950215305503662e-09,8.86393059045076370e-03
480,120,4.86946838407220639e-09,8.72425641864538193e-03
480,121,4.66188421199831282e-09,8.56740865856409073e-03
480,122,4.42655823107429569e-09,8.46951361745595932e-03
480,123,3.97284338760073297e-09,8.38312413543462753e-03
480,124,3.84639609052328524e-09,8.31076130270957947e-03
480,125,3.65177976746622335e-09,8.06761626154184341e-03
480,126,3.29046967451063210e-09,7.92962405830621719e-03
480,127,3.18530601894906340e-09,7.90060404688119888e-03
480,128,3.05299319158791604e-09,7.71573046222329140e-03
480,129,2.91788260220471329e-09,7.62196956202387810e-03
480,130,2.81203038632327207e-09,7.39761814475059509e-03
480,131,2.73689049201664147e-09,7.36297061666846275e-03
480,132,2.43990250226033822e-09,7.30380881577730179e-03
480,133,2.30282770630196865e-09,7.13994819670915604e-03
480,134,2.18386753125798805e-09,6.98582595214247704e-03
480,135,2.08152028946528844e-09,6.85185333713889122e-03
480,136,1.85001236552295723e-09,6.71528512611985207e-03
480,137,1.81395565235220602e-09,6.56065205112099648e-03
480,138,1.61925806096974156e-09,6.53772242367267609e-03
480,139,1.54881818481555911e-09,6.44081318750977516e-03
480,140,1.49928880421867916e-09,6.17315247654914856e-03
480,141,1.41232325834295125e-09,6.07749586924910545e-03
480,142,1.27847610276177193e-09,5.97094744443893433e-03
480,143,1.23593624223872212e-09,5.92843396589159966e-03
480,144,1.21240151251811312e-09,5.71289472281932831e-03
480,145,1.08606024173951710e-09,5.65209519118070602e-03
480,146,9.56937307172722740e-10,5.43584022670984268e-03
480,147,9.09899711132311495e-10,5.39811747148633003e-03
480,148,8.49373682498821836e-10,5.29611576348543167e-03
480,149,8.13568601376601919e-10,5.22165559232234955e-03
480,150,7.27152837942668384e-10,5.03413053229451180e-03
480,151,6.82329026613359702e-10,4.93517518043518066e-03
480,152,6.21556528468403258e-10,4.79896087199449539e-03
480,153,5.97611238273287881e-10,4.61625354364514351e-03
480,154,5.39482791772627479e-10,4.52714413404464722e-03
480,155,5.31974964079751089e-10,4.39031934365630150e-03
480,156,4.54853654741071978e-10,4.32363338768482208e-03
480,157,4.23953372408192308e-10,4.21574572101235390e-03
480,158,3.74160369354115119e-10,4.02504205703735352e-03
480,159,3.30541316539978425e-10,3.90988774597644806e-03
480,160,3.26375981796189762e-10,3.76235437579452991e-03
480,161,2.91727086931814483e-10,3.72404558584094048e-03
480,162,2.77590811448291674e-10,3.57182510197162628e-03
480,163,2.36143216092443708e-10,3.48506867885589600e-03
480,164,2.14547060672920509e-10,3.43334837816655636e-03
480,165,1.99410335466332356e-10,3.23417293839156628e-03
480,166,1.75169587168788610e-10,3.14105278812348843e-03
480,167,1.51570686557356282e-10,2.98595987260341644e-03
480,168,1.33288338699522058e-10,2.94157629832625389e-03
480,169,1.25559937447228265e-10,2.80885072425007820e-03
480,170,1.11342532416180973e-10,2.73959594778716564e-03
480,171,7.32360352917460489e-11,2.60867271572351456e-03
480,172,5.88721085770238517e-11,2.56997137330472469e-03
480,173,5.77401355894568979e-11,2.40703090094029903e-03
480,174,4.60826064807573488e-11,2.23960424773395061e-03
480,175,3.35046192179166979e-11,2.12922040373086929e-03
480,176,2.70542147712271586e-11,2.05910438671708107e-03
480,177,1.99190542532479142e-11,1.90775888040661812e-03
480,178,1.95802211250262204e-11,1.87738228123635054e-03
480,179,1.25719833848902951e-11,1.70221098233014345e-03
480,180,1.18064022100461408e-11,1.50466058403253555e-03
480,181,7.21989872401462840e-12,1.40470545738935471e-03
480,182,6.47487445604166822e-12,1.37019390240311623e-03
480,183,4.95769311020799464e-12,1.20681885164231062e-03
480,184,4.36942105760951272e-12,9.77345625869929790e-04
480,185,3.30578338141040984e-12,7.87128345109522343e-04
480,186,2.84531274409582924e-12,7.52139952965080738e-04
480,187,2.04622798739839684e-12,6.45306019578129053e-04
480,188,1.63457398658084507e-12,5.58845000341534615e-04
480,189,1.24047441155822336e-12,3.79645993234589696e-04
480,190,1.19969203841996386e-12,2.95238365652039647e-04
480,191,7.63109844412190874e-13,2.01845483388751745e-04
480,192,5.15196717752741673e-13,2.66096376435598359e-05
