method,metric,n,mean,sample_std,se,ci95_low,ci95_high
nonprivate_adam,final_test_accuracy,3,0.109375,0.06810779599282303,0.03932205435036849,-0.05981414448996969,0.2785641444899697
nonprivate_adam,best_test_accuracy,3,0.109375,0.06810779599282303,0.03932205435036849,-0.05981414448996969,0.2785641444899697
nonprivate_adam,final_test_loss,3,4.147388517856598,1.7218625549080115,0.9941178095836773,-0.12995518924116745,8.424732224954363
nonprivate_adam,best_test_loss,3,4.147388517856598,1.7218625549080115,0.9941178095836773,-0.12995518924116745,8.424732224954363
nonprivate_adam,accuracy_auc,3,0.109375,0.04133986423538423,0.023867581744561668,0.006681084254243311,0.2120689157457567
iid_adam,final_test_accuracy,3,0.09895833333333333,0.009021097956087904,0.005208333333333334,0.07654868369922155,0.12136798296744511
iid_adam,best_test_accuracy,3,0.09895833333333333,0.009021097956087904,0.005208333333333334,0.07654868369922155,0.12136798296744511
iid_adam,final_test_loss,3,2.7237314184506736,0.09104505746365359,0.052564888435025346,2.497562957736736,2.949899879164611
iid_adam,best_test_loss,3,2.7237314184506736,0.09104505746365359,0.052564888435025346,2.497562957736736,2.949899879164611
iid_adam,accuracy_auc,3,0.10416666666666667,0.018042195912175808,0.010416666666666668,0.0593473673984431,0.14898596593489025
bandmf_single_m,final_test_accuracy,3,0.13541666666666666,0.039322054350368486,0.02270259866427434,0.037735268551420176,0.23309806478191314
bandmf_single_m,best_test_accuracy,3,0.13541666666666666,0.039322054350368486,0.02270259866427434,0.037735268551420176,0.23309806478191314
bandmf_single_m,final_test_loss,3,2.4593889514605203,0.13989760666228615,0.0807699208654553,2.111864030967121,2.8069138719539195
bandmf_single_m,best_test_loss,3,2.4593889514605203,0.13989760666228615,0.0807699208654553,2.111864030967121,2.8069138719539195
bandmf_single_m,accuracy_auc,3,0.12239583333333333,0.025113673856752484,0.014499386361536516,0.06001000902517612,0.18478165764149054
iid_ime,final_test_accuracy,3,0.09895833333333333,0.03608439182435161,0.020833333333333332,0.009319734796886206,0.18859693186978044
iid_ime,best_test_accuracy,3,0.09895833333333333,0.03608439182435161,0.020833333333333332,0.009319734796886206,0.18859693186978044
iid_ime,final_test_loss,3,2.5488361517588296,0.13434638869118865,0.07756492367551186,2.2151012211735797,2.8825710823440795
iid_ime,best_test_loss,3,2.5488361517588296,0.13434638869118865,0.07756492367551186,2.2151012211735797,2.8825710823440795
iid_ime,accuracy_auc,3,0.10416666666666667,0.01626301562082916,0.009389456446520806,0.06376709625618024,0.1445662370771531
bandmf_ime_sep_raw,final_test_accuracy,3,0.13020833333333334,0.023867581744561668,0.013779954745128078,0.07091797343338396,0.18949869323328272
bandmf_ime_sep_raw,best_test_accuracy,3,0.13020833333333334,0.023867581744561668,0.013779954745128078,0.07091797343338396,0.18949869323328272
bandmf_ime_sep_raw,final_test_loss,3,2.5464450120925903,0.060076661401449474,0.034685276632140855,2.397206311909194,2.6956837122759865
bandmf_ime_sep_raw,best_test_loss,3,2.5464450120925903,0.060076661401449474,0.034685276632140855,2.397206311909194,2.6956837122759865
bandmf_ime_sep_raw,accuracy_auc,3,0.11979166666666667,0.025113673856752484,0.014499386361536516,0.057405842358509464,0.18217749097482389
bandmf_ime_sep_vbc,final_test_accuracy,3,0.08333333333333333,0.023867581744561665,0.013779954745128076,0.024042973433383963,0.1426236932332827
bandmf_ime_sep_vbc,best_test_accuracy,3,0.08333333333333333,0.023867581744561665,0.013779954745128076,0.024042973433383963,0.1426236932332827
bandmf_ime_sep_vbc,final_test_loss,3,2.719271798928579,0.398480997158636,0.23006311097648902,1.729390126470935,3.7091534713862226
bandmf_ime_sep_vbc,best_test_loss,3,2.719271798928579,0.398480997158636,0.23006311097648902,1.729390126470935,3.7091534713862226
bandmf_ime_sep_vbc,accuracy_auc,3,0.09635416666666667,0.009021097956087904,0.005208333333333334,0.07394451703255489,0.11876381630077845
bandmf_ime_sep_bc,final_test_accuracy,3,0.09375,0.03125,0.018042195912175808,0.01612069650780218,0.17137930349219782
bandmf_ime_sep_bc,best_test_accuracy,3,0.09375,0.03125,0.018042195912175808,0.01612069650780218,0.17137930349219782
bandmf_ime_sep_bc,final_test_loss,3,2.714418590068817,0.4311488193897403,0.24892388693545592,1.6433855484461313,3.785451631691503
bandmf_ime_sep_bc,best_test_loss,3,2.714418590068817,0.4311488193897403,0.24892388693545592,1.6433855484461313,3.785451631691503
bandmf_ime_sep_bc,accuracy_auc,3,0.1015625,0.0078125,0.004510548978043952,0.08215517412695054,0.12096982587304946
