comparison,metric,n,mean,sample_std,se,ci95_low,ci95_high
bandmf_single_m - iid_adam,final_test_accuracy,3,0.036458333333333336,0.03932205435036849,0.022702598664274345,-0.06122306478191316,0.13413973144857982
bandmf_single_m - iid_adam,best_test_accuracy,3,0.036458333333333336,0.03932205435036849,0.022702598664274345,-0.06122306478191316,0.13413973144857982
bandmf_single_m - iid_adam,final_test_loss,3,-0.264342466990153,0.2154335313458381,0.12438060731499131,-0.7995090265818963,0.2708240926015903
bandmf_single_m - iid_adam,best_test_loss,3,-0.264342466990153,0.2154335313458381,0.12438060731499131,-0.7995090265818963,0.2708240926015903
bandmf_single_m - iid_adam,accuracy_auc,3,0.018229166666666668,0.019661027175184247,0.011351299332137172,-0.03061153239095658,0.06706986572428991
bandmf_ime_sep_raw - iid_ime,final_test_accuracy,3,0.03125,0.046875,0.02706329386826371,-0.08519395523829672,0.1476939552382967
bandmf_ime_sep_raw - iid_ime,best_test_accuracy,3,0.03125,0.046875,0.02706329386826371,-0.08519395523829672,0.1476939552382967
bandmf_ime_sep_raw - iid_ime,final_test_loss,3,-0.0023911396662394204,0.10881677203704823,0.06282539262793595,-0.27270698675440974,0.26792470742193086
bandmf_ime_sep_raw - iid_ime,best_test_loss,3,-0.0023911396662394204,0.10881677203704823,0.06282539262793595,-0.27270698675440974,0.26792470742193086
bandmf_ime_sep_raw - iid_ime,accuracy_auc,3,0.015625,0.0234375,0.013531646934131855,-0.04259697761914836,0.07384697761914835
bandmf_ime_sep_vbc - bandmf_ime_sep_raw,final_test_accuracy,3,-0.046875,0.04133986423538423,0.023867581744561668,-0.1495689157457567,0.05581891574575669
bandmf_ime_sep_vbc - bandmf_ime_sep_raw,best_test_accuracy,3,-0.046875,0.04133986423538423,0.023867581744561668,-0.1495689157457567,0.05581891574575669
bandmf_ime_sep_vbc - bandmf_ime_sep_raw,final_test_loss,3,0.17282678683598837,0.38122422182710214,0.22009990709348304,-0.7741866792373894,1.119840252909366
bandmf_ime_sep_vbc - bandmf_ime_sep_raw,best_test_loss,3,0.17282678683598837,0.38122422182710214,0.22009990709348304,-0.7741866792373894,1.119840252909366
bandmf_ime_sep_vbc - bandmf_ime_sep_raw,accuracy_auc,3,-0.0234375,0.020669932117692115,0.011933790872280834,-0.07478445787287835,0.027909457872878345
bandmf_ime_sep_bc - bandmf_ime_sep_vbc,final_test_accuracy,3,0.010416666666666666,0.009021097956087904,0.005208333333333334,-0.011992982967445118,0.03282631630077845
bandmf_ime_sep_bc - bandmf_ime_sep_vbc,best_test_accuracy,3,0.010416666666666666,0.009021097956087904,0.005208333333333334,-0.011992982967445118,0.03282631630077845
bandmf_ime_sep_bc - bandmf_ime_sep_vbc,final_test_loss,3,-0.004853208859761556,0.03337968423271274,0.01927176967722141,-0.08777294126856115,0.07806652354903805
bandmf_ime_sep_bc - bandmf_ime_sep_vbc,best_test_loss,3,-0.004853208859761556,0.03337968423271274,0.01927176967722141,-0.08777294126856115,0.07806652354903805
bandmf_ime_sep_bc - bandmf_ime_sep_vbc,accuracy_auc,3,0.005208333333333333,0.004510548978043952,0.002604166666666667,-0.005996491483722559,0.016413158150389226
bandmf_ime_sep_bc - iid_ime,final_test_accuracy,3,-0.005208333333333333,0.018042195912175808,0.010416666666666668,-0.050027632601556904,0.03961096593489023
bandmf_ime_sep_bc - iid_ime,best_test_accuracy,3,-0.005208333333333333,0.018042195912175808,0.010416666666666668,-0.050027632601556904,0.03961096593489023
bandmf_ime_sep_bc - iid_ime,final_test_loss,3,0.1655824383099874,0.3057262533614692,0.17651113467657997,-0.5938836771373743,0.9250485537573492
bandmf_ime_sep_bc - iid_ime,best_test_loss,3,0.1655824383099874,0.3057262533614692,0.17651113467657997,-0.5938836771373743,0.9250485537573492
bandmf_ime_sep_bc - iid_ime,accuracy_auc,3,-0.0026041666666666665,0.009021097956087904,0.005208333333333334,-0.025013816300778452,0.019805482967445116
