method,seed,final_test_accuracy,best_test_accuracy,final_test_loss,best_test_loss,accuracy_auc,elapsed_seconds
nonprivate_adam,0,0.03125,0.03125,5.878554582595825,5.878554582595825,0.0625,37.85638094134629
nonprivate_adam,1,0.15625,0.15625,2.4349827766418457,2.4349827766418457,0.125,38.86771673057228
nonprivate_adam,2,0.140625,0.140625,4.128628194332123,4.128628194332123,0.140625,38.15964859351516
iid_adam,0,0.09375,0.09375,2.731949031352997,2.731949031352997,0.09375,120.5604399330914
iid_adam,1,0.09375,0.09375,2.8103891015052795,2.8103891015052795,0.09375,117.81822767015547
iid_adam,2,0.109375,0.109375,2.628856122493744,2.628856122493744,0.125,111.75083181168884
bandmf_single_m,0,0.171875,0.171875,2.3398247361183167,2.3398247361183167,0.1328125,125.45245466008782
bandmf_single_m,1,0.09375,0.09375,2.4250985383987427,2.4250985383987427,0.09375,123.86660257354379
bandmf_single_m,2,0.140625,0.140625,2.613243579864502,2.613243579864502,0.140625,118.65957858134061
iid_ime,0,0.140625,0.140625,2.4459705352783203,2.4459705352783203,0.1171875,193.36982239037752
iid_ime,1,0.078125,0.078125,2.4997057914733887,2.4997057914733887,0.0859375,190.3106310395524
iid_ime,2,0.078125,0.078125,2.7008321285247803,2.7008321285247803,0.109375,188.8680070862174
bandmf_ime_sep_raw,0,0.125,0.125,2.4772502183914185,2.4772502183914185,0.109375,237.21557267569005
bandmf_ime_sep_raw,1,0.109375,0.109375,2.585316240787506,2.585316240787506,0.1015625,225.82993368897587
bandmf_ime_sep_raw,2,0.15625,0.15625,2.5767685770988464,2.5767685770988464,0.1484375,223.8855065954849
bandmf_ime_sep_vbc,0,0.109375,0.109375,2.525110900402069,2.525110900402069,0.1015625,230.11316830851138
bandmf_ime_sep_vbc,1,0.078125,0.078125,2.455086052417755,2.455086052417755,0.0859375,217.23529664520174
bandmf_ime_sep_vbc,2,0.0625,0.0625,3.177618443965912,3.177618443965912,0.1015625,221.36010491847992
bandmf_ime_sep_bc,0,0.125,0.125,2.5118353366851807,2.5118353366851807,0.109375,218.14485333953053
bandmf_ime_sep_bc,1,0.09375,0.09375,2.4218710064888,2.4218710064888,0.09375,218.81869878340513
bandmf_ime_sep_bc,2,0.0625,0.0625,3.2095494270324707,3.2095494270324707,0.1015625,222.4237266778946
