method,step,negative_fraction,first_state_mse,second_state_mse,first_hat_mse,second_hat_raw_mse,denominator_min,denominator_p001,absolute_direction_p99,absolute_direction_max
iid_ime,1,0.49971961975097656,0.00015088969666976482,5.6642838419662667e-08,0.015088960877619684,0.056644296972081065,0.0003126035153400153,0.017204293981194496,2.09834361076355,186.9266815185547
iid_ime,2,0.500701904296875,0.0002736165261012502,1.131489959504961e-07,0.0075794009026139975,0.028316662879660726,0.00034129555569961667,0.016923146322369576,1.8526527881622314,413.90789794921875
iid_ime,3,0.5009441375732422,0.0003732363402377814,1.6957613002688277e-07,0.005082121293526143,0.018879769719205797,0.00022036253358237445,0.011253711767494678,1.6675502061843872,130.00054931640625
iid_ime,4,0.5002765655517578,0.000452249947556993,2.257723377141474e-07,0.0038239657442318276,0.0141537063755095,0.00035455345641821623,0.011737283319234848,1.6375048160552979,263.2109680175781
bandmf_ime_sep_raw,1,0.49971961975097656,0.000204220246814657,8.321184719051189e-08,0.02042201324366033,0.08321399055421352,0.00034144334495067596,0.018940720707178116,2.2171943187713623,197.54348754882812
bandmf_ime_sep_raw,2,0.5006008148193359,0.00022606184484175174,9.242813803211902e-08,0.006262097420403734,0.023131061578169465,0.00044437803444452584,0.014536011032760143,1.8954143524169922,85.77944946289062
bandmf_ime_sep_raw,3,0.5007171630859375,0.00023394111212837743,9.988154570095276e-08,0.0031854269473114982,0.011120318551547825,0.0006898225983604789,0.00991074088960886,1.4730043411254883,145.78427124023438
bandmf_ime_sep_raw,4,0.4996051788330078,0.00024490059058734914,1.1325075055523826e-07,0.0020707386574940756,0.007099708629539236,0.0004214611544739455,0.010487671941518784,1.3622796535491943,159.1431121826172
bandmf_ime_sep_vbc,1,0.49971961975097656,0.000204220246814657,6.055415102679262e-08,0.02042201324366033,0.060555710922926664,0.00031739711994305253,0.017493894323706627,2.4005677700042725,213.87188720703125
bandmf_ime_sep_vbc,2,0.5008678436279297,0.00022606184484175174,9.666605738090084e-08,0.006262097420403734,0.024191643460653722,0.0005545990425162017,0.015358425676822662,1.7811944484710693,183.49557495117188
bandmf_ime_sep_vbc,3,0.5006103515625,0.00023394111212837743,1.242538649748326e-07,0.0031854269473114982,0.013833812554366887,0.0006968259112909436,0.013526691123843193,1.4510657787322998,94.86527252197266
bandmf_ime_sep_vbc,4,0.500030517578125,0.00024490059058734914,1.497938999506232e-07,0.0020707386574940756,0.009390605089720339,0.0005449375603348017,0.011460362933576107,1.3320177793502808,58.34375
bandmf_ime_sep_bc,1,0.49971961975097656,0.00015997988248273032,6.055415102679262e-08,0.01599797944072634,0.060555710922926664,0.00031739711994305253,0.017493894323706627,2.1248247623443604,189.291259765625
bandmf_ime_sep_bc,2,0.5008678436279297,0.00023922083437355468,9.666605738090084e-08,0.006626612186664715,0.024191643460653722,0.0005545990425162017,0.015358425676822662,1.8195834159851074,191.94937133789062
bandmf_ime_sep_bc,3,0.5006103515625,0.00027689676244335715,1.242538649748326e-07,0.0037703266425523907,0.013833812554366887,0.0006968259112909436,0.013526691123843193,1.5861334800720215,111.23296356201172
bandmf_ime_sep_bc,4,0.500030517578125,0.00030248378789110575,1.497938999506232e-07,0.0025576290645403787,0.009390605089720339,0.0005449375603348017,0.011460362933576107,1.4613655805587769,64.98375701904297
