strategy_a,strategy_b,metric,n,mean,std,se,ci95_low,ci95_high
sgd,sgd_wd,final_train_loss,10,-0.004812195770263672,0.00044718368217254103,0.0001414118968126063,-0.00513209170554319,-0.004492299834984155
sgd,sgd_wd,final_test_loss,10,-0.005913571166992204,0.0005809237327293811,0.00018370421422717482,-0.006329138971042423,-0.005498003362941985
sgd,sgd_wd,final_test_accuracy,10,0.000990000000000002,0.00043063260959247884,0.0001361779881054307,0.0006819439887918532,0.0012980560112081508
sgd,sgd_wd,best_test_loss,10,-0.0050498058319091935,0.0003755883952485702,0.00011877147917130449,-0.005318485584252698,-0.004781126079565689
sgd,sgd_wd,best_test_accuracy,10,0.0008599999999999941,0.000469515116310903,0.00014847371634213268,0.0005241291190893698,0.0011958708809106185
sgd,sgd_wd,calibrated_iid_noise_std,10,0.0002246665005290905,0.0,0.0,0.0002246665005290905,0.0002246665005290905
sgd,sgd_wd,sensitivity_squared,10,0.8348636627197266,0.0,0.0,0.8348636627197266,0.8348636627197266
sgd,sgd_wd,mean_marginal_correlated_noise_variance,10,8.780374715780493e-06,0.0,0.0,8.780374715780493e-06,8.780374715780493e-06
sgd,momentum,final_train_loss,10,0.047501634445190434,0.008959677992971022,0.0028332989559474524,0.041092266917645226,0.05391100197273564
sgd,momentum,final_test_loss,10,0.08639462947845458,0.012707455187513511,0.004018450165706476,0.07730426365275404,0.09548499530415512
sgd,momentum,final_test_accuracy,10,-0.0048200000000000135,0.0039929938642577325,0.0012626955294131636,-0.007676415736295273,-0.001963584263704754
sgd,momentum,best_test_loss,10,0.07651660839080807,0.01435431013375879,0.004539231426311401,0.06624815350617902,0.08678506327543711
sgd,momentum,best_test_accuracy,10,-0.0048200000000000135,0.0039929938642577325,0.0012626955294131636,-0.007676415736295273,-0.001963584263704754
sgd,momentum,calibrated_iid_noise_std,10,-0.014545710050456568,0.0,0.0,-0.014545710050456568,-0.014545710050456568
sgd,momentum,sensitivity_squared,10,-83.17705726623535,0.0,0.0,-83.17705726623535,-83.17705726623535
sgd,momentum,mean_marginal_correlated_noise_variance,10,-0.0012802509106660386,2.28569887277129e-19,7.228014483236696e-20,-0.0012802509106660388,-0.0012802509106660384
sgd,momentum_wd,final_train_loss,10,0.047614332122802736,0.008935886013174557,0.0028257752713272987,0.04122198435231165,0.05400667989329382
sgd,momentum_wd,final_test_loss,10,0.0864310213470459,0.01265968232323347,0.004003343059558973,0.07737483016972609,0.09548721252436572
sgd,momentum_wd,final_test_accuracy,10,-0.004830000000000001,0.0039519474805327194,0.001249715523184733,-0.007657052922232451,-0.0020029470777675512
sgd,momentum_wd,best_test_loss,10,0.07655300025939941,0.014300138146562955,0.004522100739819768,0.06632329767992107,0.08678270283887776
sgd,momentum_wd,best_test_accuracy,10,-0.004830000000000001,0.0039519474805327194,0.001249715523184733,-0.007657052922232451,-0.0020029470777675512
sgd,momentum_wd,calibrated_iid_noise_std,10,-0.014461624299324762,1.828559098217032e-18,5.782411586589357e-19,-0.014461624299324764,-0.01446162429932476
sgd,momentum_wd,sensitivity_squared,10,-82.53138160705566,0.0,0.0,-82.53138160705566,-82.53138160705566
sgd,momentum_wd,mean_marginal_correlated_noise_variance,10,-0.0012709438858780162,2.28569887277129e-19,7.228014483236696e-20,-0.0012709438858780164,-0.001270943885878016
sgd,adam_momentum,final_train_loss,10,-0.008836776870727526,0.0005450331607561337,0.00017235461883100824,-0.009226670106257445,-0.008446883635197607
sgd,adam_momentum,final_test_loss,10,-0.011063107986450198,0.0010095094110326977,0.0003192349058238438,-0.011785267515274816,-0.01034094845762558
sgd,adam_momentum,final_test_accuracy,10,0.0018699999999999828,0.000408384350554445,0.00012914247085206933,0.0015778594345405158,0.00216214056545945
sgd,adam_momentum,best_test_loss,10,-0.008210220718383792,0.0016445196179855385,0.0005200427649664306,-0.009386639184113987,-0.007033802252653598
sgd,adam_momentum,best_test_accuracy,10,0.0017299999999999872,0.0004083843505544514,0.00012914247085207137,0.0014378594345405156,0.0020221405654594587
sgd,adam_momentum,calibrated_iid_noise_std,10,0.0003715005158572999,0.0,0.0,0.0003715005158572999,0.0003715005158572999
sgd,adam_momentum,sensitivity_squared,10,1.3731060028076172,0.0,0.0,1.3731060028076172,1.3731060028076172
sgd,adam_momentum,mean_marginal_correlated_noise_variance,10,1.500225560696107e-05,0.0,0.0,1.500225560696107e-05,1.500225560696107e-05
sgd,adam_momentum_wd,final_train_loss,10,-0.005210142990112299,0.0005139181091601163,0.00016251517557530103,-0.005577777858603374,-0.004842508121621223
sgd,adam_momentum_wd,final_test_loss,10,-0.0065886679077148454,0.0007456599283838473,0.00023579837336109937,-0.007122080886989822,-0.006055254928439869
sgd,adam_momentum_wd,final_test_accuracy,10,0.0010700000000000043,0.00046916000587339345,0.00014836142056178978,0.0007343831497932347,0.001405616850206774
sgd,adam_momentum_wd,best_test_loss,10,-0.00457591148376465,0.0011726951243710396,0.00037083875939869173,-0.005414807039581601,-0.0037370159279476994
sgd,adam_momentum_wd,best_test_accuracy,10,0.0009800000000000143,0.00046380072349137824,0.0001466666666666717,0.0006482169494562662,0.0013117830505437623
sgd,adam_momentum_wd,calibrated_iid_noise_std,10,0.00020791538999952522,0.0,0.0,0.00020791538999952522,0.00020791538999952522
sgd,adam_momentum_wd,sensitivity_squared,10,0.7730884552001953,0.0,0.0,0.7730884552001953,0.7730884552001953
sgd,adam_momentum_wd,mean_marginal_correlated_noise_variance,10,7.809083318609938e-06,0.0,0.0,7.809083318609938e-06,7.809083318609938e-06
sgd_wd,momentum,final_train_loss,10,0.052313830215454105,0.009221972580947169,0.0029162437875414563,0.045716828443001435,0.058910831987906774
sgd_wd,momentum,final_test_loss,10,0.09230820064544679,0.012914699865387007,0.004083986687209291,0.08306958090820378,0.10154682038268979
sgd_wd,momentum,final_test_accuracy,10,-0.005810000000000015,0.004205142354572806,0.0013297827725693443,-0.008818177623933414,-0.0028018223760666165
sgd_wd,momentum,best_test_loss,10,0.08156641422271729,0.014494520141723135,0.004583569723903168,0.07119765914060475,0.09193516930482984
sgd_wd,momentum,best_test_accuracy,10,-0.005680000000000007,0.004166479995818471,0.0013175566612315193,-0.008660520238597376,-0.002699479761402638
sgd_wd,momentum,calibrated_iid_noise_std,10,-0.014770376550985656,1.828559098217032e-18,5.782411586589357e-19,-0.014770376550985658,-0.014770376550985655
sgd_wd,momentum,sensitivity_squared,10,-84.01192092895508,0.0,0.0,-84.01192092895508,-84.01192092895508
sgd_wd,momentum,mean_marginal_correlated_noise_variance,10,-0.0012890312853818188,2.28569887277129e-19,7.228014483236696e-20,-0.001289031285381819,-0.0012890312853818186
sgd_wd,momentum_wd,final_train_loss,10,0.05242652789306641,0.009199094912059991,0.002909009233417591,0.04584589181904469,0.05900716396708813
sgd_wd,momentum_wd,final_test_loss,10,0.09234459251403809,0.012869178111047094,0.004069591444529212,0.08313853707813404,0.10155064794994215
sgd_wd,momentum_wd,final_test_accuracy,10,-0.005820000000000003,0.004167013318913204,0.0013177253128023318,-0.008800901754956302,-0.002839098245043703
sgd_wd,momentum_wd,best_test_loss,10,0.0816028060913086,0.014440139101931744,0.004566372929176264,0.0712729528615647,0.0919326593210525
sgd_wd,momentum_wd,best_test_accuracy,10,-0.005689999999999995,0.004126190064023287,0.0013048158661069574,-0.008641698557646592,-0.002738301442353398
sgd_wd,momentum_wd,calibrated_iid_noise_std,10,-0.014686290799853851,3.657118196434064e-18,1.1564823173178713e-18,-0.014686290799853854,-0.014686290799853847
sgd_wd,momentum_wd,sensitivity_squared,10,-83.36624526977539,0.0,0.0,-83.36624526977539,-83.36624526977539
sgd_wd,momentum_wd,mean_marginal_correlated_noise_variance,10,-0.0012797242605937964,2.28569887277129e-19,7.228014483236696e-20,-0.0012797242605937966,-0.0012797242605937962
sgd_wd,adam_momentum,final_train_loss,10,-0.0040245811004638535,0.0008485531094404457,0.0002683360541449935,-0.004631599427384957,-0.0034175627735427497
sgd_wd,adam_momentum,final_test_loss,10,-0.005149536819457995,0.000919818756504849,0.0002908722305099142,-0.005807535519165088,-0.0044915381197509026
sgd_wd,adam_momentum,final_test_accuracy,10,0.0008799999999999808,0.0006014796569940966,0.00019020456823581712,0.00044972737356838724,0.0013102726264315745
sgd_wd,adam_momentum,best_test_loss,10,-0.0031604148864745997,0.0013441837806687867,0.00042506823407695765,-0.004121986036869774,-0.002198843736079426
sgd_wd,adam_momentum,best_test_accuracy,10,0.000869999999999993,0.0005963779562212385,0.00018859126879752983,0.00044337691044845924,0.0012966230895515266
sgd_wd,adam_momentum,calibrated_iid_noise_std,10,0.0001468340153282094,0.0,0.0,0.0001468340153282094,0.0001468340153282094
sgd_wd,adam_momentum,sensitivity_squared,10,0.5382423400878906,0.0,0.0,0.5382423400878906,0.5382423400878906
sgd_wd,adam_momentum,mean_marginal_correlated_noise_variance,10,6.221880891180576e-06,0.0,0.0,6.221880891180576e-06,6.221880891180576e-06
sgd_wd,adam_momentum_wd,final_train_loss,10,-0.00039794721984862667,0.0008846009686879429,0.000279735388144519,-0.0010307526318278862,0.00023485819213063302
sgd_wd,adam_momentum_wd,final_test_loss,10,-0.0006750967407226416,0.0007906898273567943,0.0002500380777172783,-0.001240722169203077,-0.00010947131224220625
sgd_wd,adam_momentum_wd,final_test_accuracy,10,8.00000000000023e-05,0.000590291829898083,0.00018666666666666208,-0.00034226933705565224,0.0005022693370556568
sgd_wd,adam_momentum_wd,best_test_loss,10,0.00047389434814454345,0.0009051338700381377,0.0002862284616683352,-0.0001735994166151924,0.0011213881129042793
sgd_wd,adam_momentum_wd,best_test_accuracy,10,0.00012000000000002009,0.0005593647190240598,0.00017688665548561467,-0.0002801454147101815,0.0005201454147102216
sgd_wd,adam_momentum_wd,calibrated_iid_noise_std,10,-1.675111052956528e-05,0.0,0.0,-1.675111052956528e-05,-1.675111052956528e-05
sgd_wd,adam_momentum_wd,sensitivity_squared,10,-0.06177520751953125,0.0,0.0,-0.06177520751953125,-0.06177520751953125
sgd_wd,adam_momentum_wd,mean_marginal_correlated_noise_variance,10,-9.712913971705547e-07,0.0,0.0,-9.712913971705547e-07,-9.712913971705547e-07
momentum,momentum_wd,final_train_loss,10,0.00011269767761230564,6.192483998061985e-05,1.9582353808021583e-05,6.839931568104093e-05,0.00015699603954357036
momentum,momentum_wd,final_test_loss,10,3.6391868591323376e-05,9.145508501017988e-05,2.8920637223649184e-05,-2.9031158056843018e-05,0.00010181489523948977
momentum,momentum_wd,final_test_accuracy,10,-9.999999999987797e-06,0.00012866839377078827,4.06885187191112e-05,-0.00010204382406407403,8.204382406409843e-05
momentum,momentum_wd,best_test_loss,10,3.6391868591323376e-05,9.145508501017988e-05,2.8920637223649184e-05,-2.9031158056843018e-05,0.00010181489523948977
momentum,momentum_wd,best_test_accuracy,10,-9.999999999987797e-06,0.00012866839377078827,4.06885187191112e-05,-0.00010204382406407403,8.204382406409843e-05
momentum,momentum_wd,calibrated_iid_noise_std,10,8.408575113180369e-05,0.0,0.0,8.408575113180369e-05,8.408575113180369e-05
momentum,momentum_wd,sensitivity_squared,10,0.6456756591796875,0.0,0.0,0.6456756591796875,0.6456756591796875
momentum,momentum_wd,mean_marginal_correlated_noise_variance,10,9.307024788022394e-06,0.0,0.0,9.307024788022394e-06,9.307024788022394e-06
momentum,adam_momentum,final_train_loss,10,-0.05633841131591797,0.00877483467018707,0.0027748463649203536,-0.06261554989598711,-0.05006127273584883
momentum,adam_momentum,final_test_loss,10,-0.09745773746490477,0.012747723247511058,0.004031184044361332,-0.1065769093254146,-0.08833856560439494
momentum,adam_momentum,final_test_accuracy,10,0.006689999999999996,0.004146605037055419,0.0013112716474222026,0.0037236974504096586,0.009656302549590334
momentum,adam_momentum,best_test_loss,10,-0.08472682910919188,0.014887012659855203,0.004707686756090395,-0.09537635642469201,-0.07407730179369175
momentum,adam_momentum,best_test_accuracy,10,0.00655,0.004040970730461247,0.0012778671466331898,0.003659263681139226,0.009440736318860775
momentum,adam_momentum,calibrated_iid_noise_std,10,0.014917210566313868,0.0,0.0,0.014917210566313868,0.014917210566313868
momentum,adam_momentum,sensitivity_squared,10,84.55016326904297,0.0,0.0,84.55016326904297,84.55016326904297
momentum,adam_momentum,mean_marginal_correlated_noise_variance,10,0.0012952531662729998,2.28569887277129e-19,7.228014483236696e-20,0.0012952531662729996,0.001295253166273
momentum,adam_momentum_wd,final_train_loss,10,-0.05271177743530273,0.008716328346002934,0.0027563450407257473,-0.05894706311232379,-0.046476491758281675
momentum,adam_momentum_wd,final_test_loss,10,-0.09298329738616942,0.012738259992963546,0.004028191500516524,-0.10209569964218572,-0.08387089513015313
momentum,adam_momentum_wd,final_test_accuracy,10,0.005890000000000018,0.004070612839473788,0.0012872408045462532,0.002978058993749587,0.008801941006250449
momentum,adam_momentum_wd,best_test_loss,10,-0.08109251987457274,0.014706022298957724,0.004650452578593204,-0.09161257448549073,-0.07057246526365474
momentum,adam_momentum_wd,best_test_accuracy,10,0.005800000000000027,0.004001110956832979,0.0012652623794647856,0.0029377776454746624,0.008662222354525392
momentum,adam_momentum_wd,calibrated_iid_noise_std,10,0.014753625440456091,1.828559098217032e-18,5.782411586589357e-19,0.01475362544045609,0.014753625440456093
momentum,adam_momentum_wd,sensitivity_squared,10,83.95014572143555,0.0,0.0,83.95014572143555,83.95014572143555
momentum,adam_momentum_wd,mean_marginal_correlated_noise_variance,10,0.0012880599939846485,2.28569887277129e-19,7.228014483236696e-20,0.0012880599939846483,0.0012880599939846487
momentum_wd,adam_momentum,final_train_loss,10,-0.056451108993530265,0.008750850140243578,0.0027672617905973593,-0.06271109007446787,-0.05019112791259266
momentum_wd,adam_momentum,final_test_loss,10,-0.09749412933349608,0.012700584850341236,0.004016277574330705,-0.10657958041605409,-0.08840867825093807
momentum_wd,adam_momentum,final_test_accuracy,10,0.006699999999999984,0.004098509214065272,0.001296062412763287,0.0037681031295339904,0.009631896870465978
momentum_wd,adam_momentum,best_test_loss,10,-0.08476322097778319,0.014833310573564636,0.004690704665312286,-0.09537433213499033,-0.07415210982057605
momentum_wd,adam_momentum,best_test_accuracy,10,0.006559999999999988,0.003991991983959908,0.0012623787070447662,0.003704300965694733,0.009415699034305242
momentum_wd,adam_momentum,calibrated_iid_noise_std,10,0.014833124815182064,0.0,0.0,0.014833124815182064,0.014833124815182064
momentum_wd,adam_momentum,sensitivity_squared,10,83.90448760986328,0.0,0.0,83.90448760986328,83.90448760986328
momentum_wd,adam_momentum,mean_marginal_correlated_noise_variance,10,0.0012859461414849774,2.28569887277129e-19,7.228014483236696e-20,0.0012859461414849772,0.0012859461414849776
momentum_wd,adam_momentum_wd,final_train_loss,10,-0.052824475112915034,0.008691981350839621,0.00274864584483603,-0.05904234399880638,-0.046606606227023686
momentum_wd,adam_momentum_wd,final_test_loss,10,-0.09301968925476074,0.012690446520372697,0.004013071552893612,-0.10209788781296074,-0.08394149069656075
momentum_wd,adam_momentum_wd,final_test_accuracy,10,0.005900000000000005,0.004022437072223764,0.0012720062892926309,0.0030225218615523145,0.008777478138447696
momentum_wd,adam_momentum_wd,best_test_loss,10,-0.08112891174316406,0.014652924891883485,0.004633661704172831,-0.09161098275724236,-0.07064684072908575
momentum_wd,adam_momentum_wd,best_test_accuracy,10,0.005810000000000015,0.0039523410783989955,0.0012498399897586945,0.002982665514815749,0.008637334485184282
momentum_wd,adam_momentum_wd,calibrated_iid_noise_std,10,0.014669539689324291,1.828559098217032e-18,5.782411586589357e-19,0.01466953968932429,0.014669539689324293
momentum_wd,adam_momentum_wd,sensitivity_squared,10,83.30447006225586,0.0,0.0,83.30447006225586,83.30447006225586
momentum_wd,adam_momentum_wd,mean_marginal_correlated_noise_variance,10,0.0012787529691966261,2.28569887277129e-19,7.228014483236696e-20,0.001278752969196626,0.0012787529691966264
adam_momentum,adam_momentum_wd,final_train_loss,10,0.0036266338806152263,0.00023716880540800085,7.499936150305425e-05,0.0034569735377858,0.0037962942234446525
adam_momentum,adam_momentum_wd,final_test_loss,10,0.004474440078735353,0.0003273025663965332,0.00010350215938315346,0.004240301927521671,0.004708578229949035
adam_momentum,adam_momentum_wd,final_test_accuracy,10,-0.0007999999999999785,0.000294392028877596,9.309493362512662e-05,-0.001010595370920282,-0.0005894046290796748
adam_momentum,adam_momentum_wd,best_test_loss,10,0.003634309234619143,0.0005292003636960192,0.00016734784878689028,0.0032557420998070084,0.0040128763694312775
adam_momentum,adam_momentum_wd,best_test_accuracy,10,-0.0007499999999999729,0.0002990726407487748,9.457507306074137e-05,-0.0009639436789464925,-0.0005360563210534533
adam_momentum,adam_momentum_wd,calibrated_iid_noise_std,10,-0.00016358512585777467,0.0,0.0,-0.00016358512585777467,-0.00016358512585777467
adam_momentum,adam_momentum_wd,sensitivity_squared,10,-0.6000175476074219,0.0,0.0,-0.6000175476074219,-0.6000175476074219
adam_momentum,adam_momentum_wd,mean_marginal_correlated_noise_variance,10,-7.193172288351131e-06,0.0,0.0,-7.193172288351131e-06,-7.193172288351131e-06
